CREATE EXTENSION IF NOT EXISTS "uuid-ossp";

INSERT INTO common.country (id, insert_date, is_active, saves_user, name, alpha2_code, alpha3_code, numeric_code)
VALUES (uuid_generate_v4(), now(), true,'admin','Andorra', 'AD', 'AND',20),
       (uuid_generate_v4(), now(), true,'admin','United Arab Emirates', 'AE', 'ARE',784),
       (uuid_generate_v4(), now(), true,'admin','Afghanistan', 'AF', 'AFG',4),
       (uuid_generate_v4(), now(), true,'admin','Antigua and Barbuda', 'AG', 'ATG',28),
       (uuid_generate_v4(), now(), true,'admin','Anguilla', 'AI', 'AIA',660),
       (uuid_generate_v4(), now(), true,'admin','Albania', 'AL', 'ALB',8),
       (uuid_generate_v4(), now(), true,'admin','Armenia', 'AM', 'ARM',51),
       (uuid_generate_v4(), now(), true,'admin','Angola', 'AO', 'AGO',24),
       (uuid_generate_v4(), now(), true,'admin','Antarctica', 'AQ', 'ATA',10),
       (uuid_generate_v4(), now(), true,'admin','Argentina', 'AR', 'ARG',32),
       (uuid_generate_v4(), now(), true,'admin','American Samoa', 'AS', 'ASM',16),
       (uuid_generate_v4(), now(), true,'admin','Austria', 'AT', 'AUT',40),
       (uuid_generate_v4(), now(), true,'admin','Australia', 'AU', 'AUS',36),
       (uuid_generate_v4(), now(), true,'admin','Aruba', 'AW', 'ABW',533),
       (uuid_generate_v4(), now(), true,'admin','Aland Islands', 'AX', 'ALA',248),
       (uuid_generate_v4(), now(), true,'admin','Azerbaijan', 'AZ', 'AZE',31),
       (uuid_generate_v4(), now(), true,'admin','Bosnia and Herzegovina', 'BA', 'BIH',70),
       (uuid_generate_v4(), now(), true,'admin','Barbados', 'BB', 'BRB',52),
       (uuid_generate_v4(), now(), true,'admin','Bangladesh', 'BD', 'BGD',50),
       (uuid_generate_v4(), now(), true,'admin','Belgium', 'BE', 'BEL',56),
       (uuid_generate_v4(), now(), true,'admin','Burkina Faso', 'BF', 'BFA',854),
       (uuid_generate_v4(), now(), true,'admin','Bulgaria', 'BG', 'BGR',100),
       (uuid_generate_v4(), now(), true,'admin','Bahrain', 'BH', 'BHR',48),
       (uuid_generate_v4(), now(), true,'admin','Burundi', 'BI', 'BDI',108),
       (uuid_generate_v4(), now(), true,'admin','Benin', 'BJ', 'BEN',204),
       (uuid_generate_v4(), now(), true,'admin','Saint Barthelemy', 'BL', 'BLM',652),
       (uuid_generate_v4(), now(), true,'admin','Bermuda', 'BM', 'BMU',60),
       (uuid_generate_v4(), now(), true,'admin','Brunei Darussalam', 'BN', 'BRN',96),
       (uuid_generate_v4(), now(), true,'admin','Bolivia, Plurinational State of', 'BO', 'BOL',68),
       (uuid_generate_v4(), now(), true,'admin','Bonaire, Sint Eustatius and Saba', 'BQ', 'BES',535),
       (uuid_generate_v4(), now(), true,'admin','Brazil', 'BR', 'BRA',76),
       (uuid_generate_v4(), now(), true,'admin','Bahamas', 'BS', 'BHS',44),
       (uuid_generate_v4(), now(), true,'admin','Bhutan', 'BT', 'BTN',64),
       (uuid_generate_v4(), now(), true,'admin','Bouvet Island', 'BV', 'BVT',74),
       (uuid_generate_v4(), now(), true,'admin','Botswana', 'BW', 'BWA',72),
       (uuid_generate_v4(), now(), true,'admin','Belarus', 'BY', 'BLR',112),
       (uuid_generate_v4(), now(), true,'admin','Belize', 'BZ', 'BLZ',84),
       (uuid_generate_v4(), now(), true,'admin','Canada', 'CA', 'CAN',124),
       (uuid_generate_v4(), now(), true,'admin','Cocos (Keeling) Islands', 'CC', 'CCK',166),
       (uuid_generate_v4(), now(), true,'admin','Congo, The Democratic Recommon of The', 'CD', 'COD',180),
       (uuid_generate_v4(), now(), true,'admin','Central African Recommon', 'CF', 'CAF',140),
       (uuid_generate_v4(), now(), true,'admin','Congo', 'CG', 'COG',178),
       (uuid_generate_v4(), now(), true,'admin','Switzerland', 'CH', 'CHE',756),
       (uuid_generate_v4(), now(), true,'admin','Cote Divoire', 'CI', 'CIV',384),
       (uuid_generate_v4(), now(), true,'admin','Cook Islands', 'CK', 'COK',184),
       (uuid_generate_v4(), now(), true,'admin','Chile', 'CL', 'CHL',152),
       (uuid_generate_v4(), now(), true,'admin','Cameroon', 'CM', 'CMR',120),
       (uuid_generate_v4(), now(), true,'admin','China', 'CN', 'CHN',156),
       (uuid_generate_v4(), now(), true,'admin','Colombia', 'CO', 'COL',170),
       (uuid_generate_v4(), now(), true,'admin','Costa Rica', 'CR', 'CRI',188),
       (uuid_generate_v4(), now(), true,'admin','Cuba', 'CU', 'CUB',192),
       (uuid_generate_v4(), now(), true,'admin','Cabo Verde', 'CV', 'CPV',132),
       (uuid_generate_v4(), now(), true,'admin','Curacao', 'CW', 'CUW',531),
       (uuid_generate_v4(), now(), true,'admin','Christmas Island', 'CX', 'CXR',162),
       (uuid_generate_v4(), now(), true,'admin','Cyprus', 'CY', 'CYP',196),
       (uuid_generate_v4(), now(), true,'admin','Czech Recommon', 'CZ', 'CZE',203),
       (uuid_generate_v4(), now(), true,'admin','Germany', 'DE', 'DEU',276),
       (uuid_generate_v4(), now(), true,'admin','Djibouti', 'DJ', 'DJI',262),
       (uuid_generate_v4(), now(), true,'admin','Denmark', 'DK', 'DNK',208),
       (uuid_generate_v4(), now(), true,'admin','Dominica', 'DM', 'DMA',212),
       (uuid_generate_v4(), now(), true,'admin','Dominican Recommon', 'DO', 'DOM',214),
       (uuid_generate_v4(), now(), true,'admin','Algeria', 'DZ', 'DZA',12),
       (uuid_generate_v4(), now(), true,'admin','Ecuador', 'EC', 'ECU',218),
       (uuid_generate_v4(), now(), true,'admin','Estonia', 'EE', 'EST',233),
       (uuid_generate_v4(), now(), true,'admin','Egypt', 'EG', 'EGY',818),
       (uuid_generate_v4(), now(), true,'admin','Western Sahara', 'EH', 'ESH',732),
       (uuid_generate_v4(), now(), true,'admin','Eritrea', 'ER', 'ERI',232),
       (uuid_generate_v4(), now(), true,'admin','Spain', 'ES', 'ESP',724),
       (uuid_generate_v4(), now(), true,'admin','Ethiopia', 'ET', 'ETH',231),
       (uuid_generate_v4(), now(), true,'admin','Finland', 'FI', 'FIN',246),
       (uuid_generate_v4(), now(), true,'admin','Fiji', 'FJ', 'FJI',242),
       (uuid_generate_v4(), now(), true,'admin','Falkland Islands (Malvinas)', 'FK', 'FLK',238),
       (uuid_generate_v4(), now(), true,'admin','Micronesia, Federated States of', 'FM', 'FSM',583),
       (uuid_generate_v4(), now(), true,'admin','Faroe Islands', 'FO', 'FRO',234),
       (uuid_generate_v4(), now(), true,'admin','France', 'FR', 'FRA',250),
       (uuid_generate_v4(), now(), true,'admin','Gabon', 'GA', 'GAB',266),
       (uuid_generate_v4(), now(), true,'admin','United Kingdom', 'GB', 'GBR',826),
       (uuid_generate_v4(), now(), true,'admin','Grenada', 'GD', 'GRD',308),
       (uuid_generate_v4(), now(), true,'admin','Georgia', 'GE', 'GEO',268),
       (uuid_generate_v4(), now(), true,'admin','French Guiana', 'GF', 'GUF',254),
       (uuid_generate_v4(), now(), true,'admin','Guernsey', 'GG', 'GGY',831),
       (uuid_generate_v4(), now(), true,'admin','Ghana', 'GH', 'GHA',288),
       (uuid_generate_v4(), now(), true,'admin','Gibraltar', 'GI', 'GIB',292),
       (uuid_generate_v4(), now(), true,'admin','Greenland', 'GL', 'GRL',304),
       (uuid_generate_v4(), now(), true,'admin','Gambia', 'GM', 'GMB',270),
       (uuid_generate_v4(), now(), true,'admin','Guinea', 'GN', 'GIN',324),
       (uuid_generate_v4(), now(), true,'admin','Guadeloupe', 'GP', 'GLP',312),
       (uuid_generate_v4(), now(), true,'admin','Equatorial Guinea', 'GQ', 'GNQ',226),
       (uuid_generate_v4(), now(), true,'admin','Greece', 'GR', 'GRC',300),
       (uuid_generate_v4(), now(), true,'admin','South Georgia and The South Sandwich Islands', 'GS', 'SGS',239),
       (uuid_generate_v4(), now(), true,'admin','Guatemala', 'GT', 'GTM',320),
       (uuid_generate_v4(), now(), true,'admin','Guam', 'GU', 'GUM',316),
       (uuid_generate_v4(), now(), true,'admin','Guinea-Bissau', 'GW', 'GNB',624),
       (uuid_generate_v4(), now(), true,'admin','Guyana', 'GY', 'GUY',328),
       (uuid_generate_v4(), now(), true,'admin','Hong Kong', 'HK', 'HKG',344),
       (uuid_generate_v4(), now(), true,'admin','Heard Island and Mcdonald Islands', 'HM', 'HMD',334),
       (uuid_generate_v4(), now(), true,'admin','Honduras', 'HN', 'HND',340),
       (uuid_generate_v4(), now(), true,'admin','Croatia', 'HR', 'HRV',191),
       (uuid_generate_v4(), now(), true,'admin','Haiti', 'HT', 'HTI',332),
       (uuid_generate_v4(), now(), true,'admin','Hungary', 'HU', 'HUN',348),
       (uuid_generate_v4(), now(), true,'admin','Indonesia', 'ID', 'IDN',360),
       (uuid_generate_v4(), now(), true,'admin','Ireland', 'IE', 'IRL',372),
       (uuid_generate_v4(), now(), true,'admin','Israel', 'IL', 'ISR',376),
       (uuid_generate_v4(), now(), true,'admin','Isle of Man', 'IM', 'IMN',833),
       (uuid_generate_v4(), now(), true,'admin','India', 'IN', 'IND',356),
       (uuid_generate_v4(), now(), true,'admin','British Indian Ocean Territory', 'IO', 'IOT',86),
       (uuid_generate_v4(), now(), true,'admin','Iraq', 'IQ', 'IRQ',368),
       (uuid_generate_v4(), now(), true,'admin','Iran, Islamic Recommon of', 'IR', 'IRN',364),
       (uuid_generate_v4(), now(), true,'admin','Iceland', 'IS', 'ISL',352),
       (uuid_generate_v4(), now(), true,'admin','Italy', 'IT', 'ITA',380),
       (uuid_generate_v4(), now(), true,'admin','Jersey', 'JE', 'JEY',832),
       (uuid_generate_v4(), now(), true,'admin','Jamaica', 'JM', 'JAM',388),
       (uuid_generate_v4(), now(), true,'admin','Jordan', 'JO', 'JOR',400),
       (uuid_generate_v4(), now(), true,'admin','Japan', 'JP', 'JPN',392),
       (uuid_generate_v4(), now(), true,'admin','Kenya', 'KE', 'KEN',404),
       (uuid_generate_v4(), now(), true,'admin','Kyrgyzstan', 'KG', 'KGZ',417),
       (uuid_generate_v4(), now(), true,'admin','Cambodia', 'KH', 'KHM',116),
       (uuid_generate_v4(), now(), true,'admin','Kiribati', 'KI', 'KIR',296),
       (uuid_generate_v4(), now(), true,'admin','Comoros', 'KM', 'COM',174),
       (uuid_generate_v4(), now(), true,'admin','Saint Kitts and Nevis', 'KN', 'KNA',659),
       (uuid_generate_v4(), now(), true,'admin','Korea, Democratic Peoples Recommon of', 'KP', 'PRK',408),
       (uuid_generate_v4(), now(), true,'admin','Korea, Recommon of', 'KR', 'KOR',410),
       (uuid_generate_v4(), now(), true,'admin','Kuwait', 'KW', 'KWT',414),
       (uuid_generate_v4(), now(), true,'admin','Cayman Islands', 'KY', 'CYM',136),
       (uuid_generate_v4(), now(), true,'admin','Kazakhstan', 'KZ', 'KAZ',398),
       (uuid_generate_v4(), now(), true,'admin','Lao Peoples Democratic Recommon', 'LA', 'LAO',418),
       (uuid_generate_v4(), now(), true,'admin','Lebanon', 'LB', 'LBN',422),
       (uuid_generate_v4(), now(), true,'admin','Saint Lucia', 'LC', 'LCA',662),
       (uuid_generate_v4(), now(), true,'admin','Liechtenstein', 'LI', 'LIE',438),
       (uuid_generate_v4(), now(), true,'admin','Sri Lanka', 'LK', 'LKA',144),
       (uuid_generate_v4(), now(), true,'admin','Liberia', 'LR', 'LBR',430),
       (uuid_generate_v4(), now(), true,'admin','Lesotho', 'LS', 'LSO',426),
       (uuid_generate_v4(), now(), true,'admin','Lithuania', 'LT', 'LTU',440),
       (uuid_generate_v4(), now(), true,'admin','Luxembourg', 'LU', 'LUX',442),
       (uuid_generate_v4(), now(), true,'admin','Latvia', 'LV', 'LVA',428),
       (uuid_generate_v4(), now(), true,'admin','Libya', 'LY', 'LBY',434),
       (uuid_generate_v4(), now(), true,'admin','Morocco', 'MA', 'MAR',504),
       (uuid_generate_v4(), now(), true,'admin','Monaco', 'MC', 'MCO',492),
       (uuid_generate_v4(), now(), true,'admin','Moldova, Recommon of', 'MD', 'MDA',498),
       (uuid_generate_v4(), now(), true,'admin','Montenegro', 'ME', 'MNE',499),
       (uuid_generate_v4(), now(), true,'admin','Saint Martin (French Part)', 'MF', 'MAF',663),
       (uuid_generate_v4(), now(), true,'admin','Madagascar', 'MG', 'MDG',450),
       (uuid_generate_v4(), now(), true,'admin','Marshall Islands', 'MH', 'MHL',584),
       (uuid_generate_v4(), now(), true,'admin','Macedonia, The Former Yugoslav Recommon of', 'MK', 'MKD',807),
       (uuid_generate_v4(), now(), true,'admin','Mali', 'ML', 'MLI',466),
       (uuid_generate_v4(), now(), true,'admin','Myanmar', 'MM', 'MMR',104),
       (uuid_generate_v4(), now(), true,'admin','Mongolia', 'MN', 'MNG',496),
       (uuid_generate_v4(), now(), true,'admin','Macao', 'MO', 'MAC',446),
       (uuid_generate_v4(), now(), true,'admin','Northern Mariana Islands', 'MP', 'MNP',580),
       (uuid_generate_v4(), now(), true,'admin','Martinique', 'MQ', 'MTQ',474),
       (uuid_generate_v4(), now(), true,'admin','Mauritania', 'MR', 'MRT',478),
       (uuid_generate_v4(), now(), true,'admin','Montserrat', 'MS', 'MSR',500),
       (uuid_generate_v4(), now(), true,'admin','Malta', 'MT', 'MLT',470),
       (uuid_generate_v4(), now(), true,'admin','Mauritius', 'MU', 'MUS',480),
       (uuid_generate_v4(), now(), true,'admin','Maldives', 'MV', 'MDV',462),
       (uuid_generate_v4(), now(), true,'admin','Malawi', 'MW', 'MWI',454),
       (uuid_generate_v4(), now(), true,'admin','Mexico', 'MX', 'MEX',484),
       (uuid_generate_v4(), now(), true,'admin','Malaysia', 'MY', 'MYS',458),
       (uuid_generate_v4(), now(), true,'admin','Mozambique', 'MZ', 'MOZ',508),
       (uuid_generate_v4(), now(), true,'admin','Namibia', 'NA', 'NAM',516),
       (uuid_generate_v4(), now(), true,'admin','New Caledonia', 'NC', 'NCL',540),
       (uuid_generate_v4(), now(), true,'admin','Niger', 'NE', 'NER',562),
       (uuid_generate_v4(), now(), true,'admin','Norfolk Island', 'NF', 'NFK',574),
       (uuid_generate_v4(), now(), true,'admin','Nigeria', 'NG', 'NGA',566),
       (uuid_generate_v4(), now(), true,'admin','Nicaragua', 'NI', 'NIC',558),
       (uuid_generate_v4(), now(), true,'admin','Netherlands', 'NL', 'NLD',528),
       (uuid_generate_v4(), now(), true,'admin','Norway', 'NO', 'NOR',578),
       (uuid_generate_v4(), now(), true,'admin','Nepal', 'NP', 'NPL',524),
       (uuid_generate_v4(), now(), true,'admin','Nauru', 'NR', 'NRU',520),
       (uuid_generate_v4(), now(), true,'admin','Niue', 'NU', 'NIU',570),
       (uuid_generate_v4(), now(), true,'admin','New Zealand', 'NZ', 'NZL',554),
       (uuid_generate_v4(), now(), true,'admin','Oman', 'OM', 'OMN',512),
       (uuid_generate_v4(), now(), true,'admin','Panama', 'PA', 'PAN',591),
       (uuid_generate_v4(), now(), true,'admin','Peru', 'PE', 'PER',604),
       (uuid_generate_v4(), now(), true,'admin','French Polynesia', 'PF', 'PYF',258),
       (uuid_generate_v4(), now(), true,'admin','Papua New Guinea', 'PG', 'PNG',598),
       (uuid_generate_v4(), now(), true,'admin','Philippines', 'PH', 'PHL',608),
       (uuid_generate_v4(), now(), true,'admin','Pakistan', 'PK', 'PAK',586),
       (uuid_generate_v4(), now(), true,'admin','Poland', 'PL', 'POL',616),
       (uuid_generate_v4(), now(), true,'admin','Saint Pierre and Miquelon', 'PM', 'SPM',666),
       (uuid_generate_v4(), now(), true,'admin','Pitcairn', 'PN', 'PCN',612),
       (uuid_generate_v4(), now(), true,'admin','Puerto Rico', 'PR', 'PRI',630),
       (uuid_generate_v4(), now(), true,'admin','Palestine, State of', 'PS', 'PSE',275),
       (uuid_generate_v4(), now(), true,'admin','Portugal', 'PT', 'PRT',620),
       (uuid_generate_v4(), now(), true,'admin','Palau', 'PW', 'PLW',585),
       (uuid_generate_v4(), now(), true,'admin','Paraguay', 'PY', 'PRY',600),
       (uuid_generate_v4(), now(), true,'admin','Qatar', 'QA', 'QAT',634),
       (uuid_generate_v4(), now(), true,'admin','Reunion', 'RE', 'REU',638),
       (uuid_generate_v4(), now(), true,'admin','Romania', 'RO', 'ROU',642),
       (uuid_generate_v4(), now(), true,'admin','Serbia', 'RS', 'SRB',688),
       (uuid_generate_v4(), now(), true,'admin','Russian Federation', 'RU', 'RUS',643),
       (uuid_generate_v4(), now(), true,'admin','Rwanda', 'RW', 'RWA',646),
       (uuid_generate_v4(), now(), true,'admin','Saudi Arabia', 'SA', 'SAU',682),
       (uuid_generate_v4(), now(), true,'admin','Solomon Islands', 'SB', 'SLB',90),
       (uuid_generate_v4(), now(), true,'admin','Seychelles', 'SC', 'SYC',690),
       (uuid_generate_v4(), now(), true,'admin','Sudan', 'SD', 'SDN',729),
       (uuid_generate_v4(), now(), true,'admin','Sweden', 'SE', 'SWE',752),
       (uuid_generate_v4(), now(), true,'admin','Singapore', 'SG', 'SGP',702),
       (uuid_generate_v4(), now(), true,'admin','Saint Helena, Ascension and Tristan Da Cunha', 'SH', 'SHN',654),
       (uuid_generate_v4(), now(), true,'admin','Slovenia', 'SI', 'SVN',705),
       (uuid_generate_v4(), now(), true,'admin','Svalbard and Jan Mayen', 'SJ', 'SJM',744),
       (uuid_generate_v4(), now(), true,'admin','Slovakia', 'SK', 'SVK',703),
       (uuid_generate_v4(), now(), true,'admin','Sierra Leone', 'SL', 'SLE',694),
       (uuid_generate_v4(), now(), true,'admin','San Marino', 'SM', 'SMR',674),
       (uuid_generate_v4(), now(), true,'admin','Senegal', 'SN', 'SEN',686),
       (uuid_generate_v4(), now(), true,'admin','Somalia', 'SO', 'SOM',706),
       (uuid_generate_v4(), now(), true,'admin','Suriname', 'SR', 'SUR',740),
       (uuid_generate_v4(), now(), true,'admin','South Sudan', 'SS', 'SSD',728),
       (uuid_generate_v4(), now(), true,'admin','Sao Tome and Principe', 'ST', 'STP',678),
       (uuid_generate_v4(), now(), true,'admin','El Salvador', 'SV', 'SLV',222),
       (uuid_generate_v4(), now(), true,'admin','Sint Maarten (Dutch Part)', 'SX', 'SXM',534),
       (uuid_generate_v4(), now(), true,'admin','Syrian Arab Recommon', 'SY', 'SYR',760),
       (uuid_generate_v4(), now(), true,'admin','Swaziland', 'SZ', 'SWZ',748),
       (uuid_generate_v4(), now(), true,'admin','Turks and Caicos Islands', 'TC', 'TCA',796),
       (uuid_generate_v4(), now(), true,'admin','Chad', 'TD', 'TCD',148),
       (uuid_generate_v4(), now(), true,'admin','French Southern Territories', 'TF', 'ATF',260),
       (uuid_generate_v4(), now(), true,'admin','Togo', 'TG', 'TGO',768),
       (uuid_generate_v4(), now(), true,'admin','Thailand', 'TH', 'THA',764),
       (uuid_generate_v4(), now(), true,'admin','Tajikistan', 'TJ', 'TJK',762),
       (uuid_generate_v4(), now(), true,'admin','Tokelau', 'TK', 'TKL',772),
       (uuid_generate_v4(), now(), true,'admin','Timor-Leste', 'TL', 'TLS',626),
       (uuid_generate_v4(), now(), true,'admin','Turkmenistan', 'TM', 'TKM',795),
       (uuid_generate_v4(), now(), true,'admin','Tunisia', 'TN', 'TUN',788),
       (uuid_generate_v4(), now(), true,'admin','Tonga', 'TO', 'TON',776),
       ('bbaef49d-9aba-4712-82fd-4384d093755e', now(), true,'admin','Turkey', 'TR', 'TUR',792),
       (uuid_generate_v4(), now(), true,'admin','Trinidad and Tobago', 'TT', 'TTO',780),
       (uuid_generate_v4(), now(), true,'admin','Tuvalu', 'TV', 'TUV',798),
       (uuid_generate_v4(), now(), true,'admin','Taiwan, Province of China', 'TW', 'TWN',158),
       (uuid_generate_v4(), now(), true,'admin','Tanzania, United Recommon of', 'TZ', 'TZA',834),
       (uuid_generate_v4(), now(), true,'admin','Ukraine', 'UA', 'UKR',804),
       (uuid_generate_v4(), now(), true,'admin','Uganda', 'UG', 'UGA',800),
       (uuid_generate_v4(), now(), true,'admin','United States Minor Outlying Islands', 'UM', 'UMI',581),
       (uuid_generate_v4(), now(), true,'admin','United States', 'US', 'USA',840),
       (uuid_generate_v4(), now(), true,'admin','Uruguay', 'UY', 'URY',858),
       (uuid_generate_v4(), now(), true,'admin','Uzbekistan', 'UZ', 'UZB',860),
       (uuid_generate_v4(), now(), true,'admin','Holy See', 'VA', 'VAT',336),
       (uuid_generate_v4(), now(), true,'admin','Saint Vincent and The Grenadines', 'VC', 'VCT',670),
       (uuid_generate_v4(), now(), true,'admin','Venezuela, Bolivarian Recommon of', 'VE', 'VEN',862),
       (uuid_generate_v4(), now(), true,'admin','Virgin Islands, British', 'VG', 'VGB',92),
       (uuid_generate_v4(), now(), true,'admin','Virgin Islands, U.S.', 'VI', 'VIR',850),
       (uuid_generate_v4(), now(), true,'admin','Viet Nam', 'VN', 'VNM',704),
       (uuid_generate_v4(), now(), true,'admin','Vanuatu', 'VU', 'VUT',548),
       (uuid_generate_v4(), now(), true,'admin','Wallis and Futuna', 'WF', 'WLF',876),
       (uuid_generate_v4(), now(), true,'admin','Samoa', 'WS', 'WSM',882),
       (uuid_generate_v4(), now(), true,'admin','Yemen', 'YE', 'YEM',887),
       (uuid_generate_v4(), now(), true,'admin','Mayotte', 'YT', 'MYT',175),
       (uuid_generate_v4(), now(), true,'admin','South Africa', 'ZA', 'ZAF',710),
       (uuid_generate_v4(), now(), true,'admin','Zambia', 'ZM', 'ZMB',894),
       (uuid_generate_v4(), now(), true,'admin','Zimbabwe', 'ZW', 'ZWE',716);

INSERT INTO common.region(id, insert_date, is_active, saves_user, name, country)
VALUES('423c799b-bf31-4731-93ae-8efc86a72631', now(), true, 'admin', 'Akdeniz Bölgesi', 'bbaef49d-9aba-4712-82fd-4384d093755e'),
      ('f5bf8927-386b-429d-bf38-a36fbd0c7555', now(), true, 'admin', 'Karadeniz Bölgesi', 'bbaef49d-9aba-4712-82fd-4384d093755e'),
      ('e2ea09b4-18a7-4869-9207-1f289b7d7f2a', now(), true, 'admin', 'Ege Bölgesi', 'bbaef49d-9aba-4712-82fd-4384d093755e'),
      ('11b0abb9-128b-4d9c-bb63-90c42ad4ef37', now(), true, 'admin', 'Marmara Bölgesi', 'bbaef49d-9aba-4712-82fd-4384d093755e'),
      ('a7d9ad27-da51-4b0c-aaaa-15ad37ff3a8a', now(), true, 'admin', 'İç Anadolu Bölgesi', 'bbaef49d-9aba-4712-82fd-4384d093755e'),
      ('f298448d-91b0-4fac-a753-18660cd934cb', now(), true, 'admin', 'Doğu Anadolu Bölgesi', 'bbaef49d-9aba-4712-82fd-4384d093755e'),
      ('57ab74a6-74fb-4022-a7a5-6f11b655d6a8', now(), true, 'admin', 'Güneydoğu Anadolu Bölgesi', 'bbaef49d-9aba-4712-82fd-4384d093755e');

INSERT INTO common.city (id, insert_date, is_active, saves_user, name, plate_number, country, region) VALUES
                                                                                                          ('016a347b-e9d9-4be6-a207-40ff1dc98300', now(), true, 'admin', 'Malatya', '44', 'bbaef49d-9aba-4712-82fd-4384d093755e', 'f298448d-91b0-4fac-a753-18660cd934cb'),
                                                                                                          ('05e44c1d-1c5a-430b-be03-8463a401df25', now(), true, 'admin', 'Tunceli', '62', 'bbaef49d-9aba-4712-82fd-4384d093755e', 'f298448d-91b0-4fac-a753-18660cd934cb'),
                                                                                                          ('0cb557a8-68f1-4163-86a1-baaa42dc3b86', now(), true, 'admin', 'Burdur', '15', 'bbaef49d-9aba-4712-82fd-4384d093755e', '423c799b-bf31-4731-93ae-8efc86a72631'),
                                                                                                          ('15f5e6a3-6db0-418f-a7e7-85a6578816a6', now(), true, 'admin', 'Adana', '01', 'bbaef49d-9aba-4712-82fd-4384d093755e', '423c799b-bf31-4731-93ae-8efc86a72631'),
                                                                                                          ('18f869b9-9b88-42e2-989d-aa662a10dfbb', now(), true, 'admin', 'Rize', '53', 'bbaef49d-9aba-4712-82fd-4384d093755e', 'f5bf8927-386b-429d-bf38-a36fbd0c7555'),
                                                                                                          ('194d1e63-67ce-463b-8495-9d24660740c7', now(), true, 'admin', 'Aydın', '09', 'bbaef49d-9aba-4712-82fd-4384d093755e', 'e2ea09b4-18a7-4869-9207-1f289b7d7f2a'),
                                                                                                          ('1cf6df63-55b6-4ad9-98be-5371641e8808', now(), true, 'admin', 'Ankara', '06', 'bbaef49d-9aba-4712-82fd-4384d093755e', 'a7d9ad27-da51-4b0c-aaaa-15ad37ff3a8a'),
                                                                                                          ('1d10fbfa-a050-4a1e-969e-e05300e8935c', now(), true, 'admin', 'Gümüşhane', '29', 'bbaef49d-9aba-4712-82fd-4384d093755e', 'f5bf8927-386b-429d-bf38-a36fbd0c7555'),
                                                                                                          ('1d496757-ff1c-4a5f-8363-3675ebb39c37', now(), true, 'admin', 'Bartın', '74', 'bbaef49d-9aba-4712-82fd-4384d093755e', 'f5bf8927-386b-429d-bf38-a36fbd0c7555'),
                                                                                                          ('1dd83c7e-ab4f-4f40-a162-a78926b902a9', now(), true, 'admin', 'Hatay', '31', 'bbaef49d-9aba-4712-82fd-4384d093755e', '423c799b-bf31-4731-93ae-8efc86a72631'),
                                                                                                          ('27149f69-88b7-4337-8fe8-2997fe925901', now(), true, 'admin', 'Kilis', '79', 'bbaef49d-9aba-4712-82fd-4384d093755e', '57ab74a6-74fb-4022-a7a5-6f11b655d6a8'),
                                                                                                          ('2745821e-f1d7-492c-bba6-6238bdd1ea59', now(), true, 'admin', 'Osmaniye', '80', 'bbaef49d-9aba-4712-82fd-4384d093755e', '423c799b-bf31-4731-93ae-8efc86a72631'),
                                                                                                          ('275b46c3-4fdc-4536-a19e-9f8a78cdaac9', now(), true, 'admin', 'Kütahya', '43', 'bbaef49d-9aba-4712-82fd-4384d093755e', 'e2ea09b4-18a7-4869-9207-1f289b7d7f2a'),
                                                                                                          ('2847375f-0a57-4302-9ab9-78f6eb3892de', now(), true, 'admin', 'Çorum', '19', 'bbaef49d-9aba-4712-82fd-4384d093755e', 'f5bf8927-386b-429d-bf38-a36fbd0c7555'),
                                                                                                          ('2b8c542c-ae0c-4f0b-b76c-9dc50e45e925', now(), true, 'admin', 'Kayseri', '38', 'bbaef49d-9aba-4712-82fd-4384d093755e', 'a7d9ad27-da51-4b0c-aaaa-15ad37ff3a8a'),
                                                                                                          ('2c26531b-f6b8-4bee-9902-6fa08fb9ae92', now(), true, 'admin', 'Ordu', '52', 'bbaef49d-9aba-4712-82fd-4384d093755e', 'f5bf8927-386b-429d-bf38-a36fbd0c7555'),
                                                                                                          ('2ead4855-70a0-4a13-a9a0-d8340d1e47e1', now(), true, 'admin', 'Isparta', '32', 'bbaef49d-9aba-4712-82fd-4384d093755e', '423c799b-bf31-4731-93ae-8efc86a72631'),
                                                                                                          ('2f750ca6-74fb-40a5-a21d-7c1b612c82b6', now(), true, 'admin', 'Tekirdağ', '59', 'bbaef49d-9aba-4712-82fd-4384d093755e', '11b0abb9-128b-4d9c-bb63-90c42ad4ef37'),
                                                                                                          ('2f97c1fd-98a4-4bf7-a216-b153e942842d', now(), true, 'admin', 'Adıyaman', '02', 'bbaef49d-9aba-4712-82fd-4384d093755e', '57ab74a6-74fb-4022-a7a5-6f11b655d6a8'),
                                                                                                          ('34f4c2dd-8a3d-405a-96ef-e84b3ee2d9f9', now(), true, 'admin', 'İstanbul', '34', 'bbaef49d-9aba-4712-82fd-4384d093755e', '11b0abb9-128b-4d9c-bb63-90c42ad4ef37'),
                                                                                                          ('3ab6f8ce-f95a-416e-9aac-1b1c95b12a19', now(), true, 'admin', 'Çankırı', '18', 'bbaef49d-9aba-4712-82fd-4384d093755e', 'a7d9ad27-da51-4b0c-aaaa-15ad37ff3a8a'),
                                                                                                          ('3fdfe92e-f5ed-477b-876c-63b422f8ddbe', now(), true, 'admin', 'Trabzon', '61', 'bbaef49d-9aba-4712-82fd-4384d093755e', 'f5bf8927-386b-429d-bf38-a36fbd0c7555'),
                                                                                                          ('41f3806f-d604-4a0e-a7ba-626cb5ac5584', now(), true, 'admin', 'Bilecik', '11', 'bbaef49d-9aba-4712-82fd-4384d093755e', '11b0abb9-128b-4d9c-bb63-90c42ad4ef37'),
                                                                                                          ('437f82b2-1449-4010-a56b-a85d1980044e', now(), true, 'admin', 'Karaman', '70', 'bbaef49d-9aba-4712-82fd-4384d093755e', 'a7d9ad27-da51-4b0c-aaaa-15ad37ff3a8a'),
                                                                                                          ('44036c7e-a870-4d21-832f-15833fb7d2d9', now(), true, 'admin', 'Bursa', '16', 'bbaef49d-9aba-4712-82fd-4384d093755e', '11b0abb9-128b-4d9c-bb63-90c42ad4ef37'),
                                                                                                          ('464be00b-842e-4967-b604-fce3f23240f8', now(), true, 'admin', 'Sakarya', '54', 'bbaef49d-9aba-4712-82fd-4384d093755e', '11b0abb9-128b-4d9c-bb63-90c42ad4ef37'),
                                                                                                          ('487a8650-a7d7-4eb9-8607-a86974dbf17a', now(), true, 'admin', 'Batman', '72', 'bbaef49d-9aba-4712-82fd-4384d093755e', '57ab74a6-74fb-4022-a7a5-6f11b655d6a8'),
                                                                                                          ('4ab8c138-9267-446d-acc6-2da09d2e8184', now(), true, 'admin', 'Karabük', '78', 'bbaef49d-9aba-4712-82fd-4384d093755e', 'f5bf8927-386b-429d-bf38-a36fbd0c7555'),
                                                                                                          ('4d5386a5-a869-4e59-bc08-5a8ed391291c', now(), true, 'admin', 'Yalova', '77', 'bbaef49d-9aba-4712-82fd-4384d093755e', '11b0abb9-128b-4d9c-bb63-90c42ad4ef37'),
                                                                                                          ('520dbbcf-0e0b-4bbc-8910-13c5dc48f4b4', now(), true, 'admin', 'Zonguldak', '67', 'bbaef49d-9aba-4712-82fd-4384d093755e', 'f5bf8927-386b-429d-bf38-a36fbd0c7555'),
                                                                                                          ('55666a29-30e4-431f-9fa1-a63a7b26c635', now(), true, 'admin', 'Sinop', '57', 'bbaef49d-9aba-4712-82fd-4384d093755e', 'f5bf8927-386b-429d-bf38-a36fbd0c7555'),
                                                                                                          ('55c00e8d-3b38-439b-ae7f-3f1992ecb596', now(), true, 'admin', 'Bingöl', '12', 'bbaef49d-9aba-4712-82fd-4384d093755e', 'f298448d-91b0-4fac-a753-18660cd934cb'),
                                                                                                          ('5bfc4bf2-a1ed-47f5-b091-7ab1491c1de3', now(), true, 'admin', 'Kırklareli', '39', 'bbaef49d-9aba-4712-82fd-4384d093755e', '11b0abb9-128b-4d9c-bb63-90c42ad4ef37'),
                                                                                                          ('5c6914ab-7594-43e7-856c-09d6dd9db9f6', now(), true, 'admin', 'Denizli', '20', 'bbaef49d-9aba-4712-82fd-4384d093755e', 'e2ea09b4-18a7-4869-9207-1f289b7d7f2a'),
                                                                                                          ('62cd7de3-8dbd-4c36-935b-5efe32ca5b02', now(), true, 'admin', 'Şanlıurfa', '63', 'bbaef49d-9aba-4712-82fd-4384d093755e', '57ab74a6-74fb-4022-a7a5-6f11b655d6a8'),
                                                                                                          ('69453446-9fb4-4f17-8b53-760a6ab1413b', now(), true, 'admin', 'Aksaray', '68', 'bbaef49d-9aba-4712-82fd-4384d093755e', 'a7d9ad27-da51-4b0c-aaaa-15ad37ff3a8a'),
                                                                                                          ('73100cdf-4383-4f40-80a8-801e2b8c17f6', now(), true, 'admin', 'Elazığ', '23', 'bbaef49d-9aba-4712-82fd-4384d093755e', 'f298448d-91b0-4fac-a753-18660cd934cb'),
                                                                                                          ('7543d468-a218-433e-ba10-93c14d94bc64', now(), true, 'admin', 'Manisa', '45', 'bbaef49d-9aba-4712-82fd-4384d093755e', 'e2ea09b4-18a7-4869-9207-1f289b7d7f2a'),
                                                                                                          ('796a5980-1f24-4747-9ddc-dff0fd8d4ab4', now(), true, 'admin', 'Bitlis', '13', 'bbaef49d-9aba-4712-82fd-4384d093755e', 'f298448d-91b0-4fac-a753-18660cd934cb'),
                                                                                                          ('79c97789-68ee-4067-a0fe-7802d307ef42', now(), true, 'admin', 'Uşak', '64', 'bbaef49d-9aba-4712-82fd-4384d093755e', 'e2ea09b4-18a7-4869-9207-1f289b7d7f2a'),
                                                                                                          ('7b34906e-9163-426c-b8f4-77b51a3b5b5f', now(), true, 'admin', 'Düzce', '81', 'bbaef49d-9aba-4712-82fd-4384d093755e', 'f5bf8927-386b-429d-bf38-a36fbd0c7555'),
                                                                                                          ('7cb95db1-d6ce-46c8-bb64-b4a2bde6ec94', now(), true, 'admin', 'Mersin', '33', 'bbaef49d-9aba-4712-82fd-4384d093755e', '423c799b-bf31-4731-93ae-8efc86a72631'),
                                                                                                          ('82f54b55-2807-423e-80fe-b78e2fc02e35', now(), true, 'admin', 'Sivas', '58', 'bbaef49d-9aba-4712-82fd-4384d093755e', 'a7d9ad27-da51-4b0c-aaaa-15ad37ff3a8a'),
                                                                                                          ('8660e01e-e703-4177-b85a-a596f689915d', now(), true, 'admin', 'Gaziantep', '27', 'bbaef49d-9aba-4712-82fd-4384d093755e', '57ab74a6-74fb-4022-a7a5-6f11b655d6a8'),
                                                                                                          ('87d4ea1c-afc9-44e7-8b41-f38975b46d57', now(), true, 'admin', 'Konya', '42', 'bbaef49d-9aba-4712-82fd-4384d093755e', 'a7d9ad27-da51-4b0c-aaaa-15ad37ff3a8a'),
                                                                                                          ('8b475617-e5ad-449a-8fdd-f0e38f5beecb', now(), true, 'admin', 'Muş', '49', 'bbaef49d-9aba-4712-82fd-4384d093755e', 'f298448d-91b0-4fac-a753-18660cd934cb'),
                                                                                                          ('908bc03c-894c-49c0-b6d5-8d9baebddadb', now(), true, 'admin', 'Nevşehir', '50', 'bbaef49d-9aba-4712-82fd-4384d093755e', 'a7d9ad27-da51-4b0c-aaaa-15ad37ff3a8a'),
                                                                                                          ('9720ec26-58e4-410a-91a7-5ca1f8c0713c', now(), true, 'admin', 'Bayburt', '69', 'bbaef49d-9aba-4712-82fd-4384d093755e', 'f5bf8927-386b-429d-bf38-a36fbd0c7555'),
                                                                                                          ('97ddd116-c15d-4021-a4c4-aacfa21287b7', now(), true, 'admin', 'Edirne', '22', 'bbaef49d-9aba-4712-82fd-4384d093755e', '11b0abb9-128b-4d9c-bb63-90c42ad4ef37'),
                                                                                                          ('9c6403c4-0d5a-40e4-8c1a-b7a437e89955', now(), true, 'admin', 'Artvin', '08', 'bbaef49d-9aba-4712-82fd-4384d093755e', 'f5bf8927-386b-429d-bf38-a36fbd0c7555'),
                                                                                                          ('a23e8955-cb52-439e-9e92-44ffd3a70cff', now(), true, 'admin', 'Çanakkale', '17', 'bbaef49d-9aba-4712-82fd-4384d093755e', '11b0abb9-128b-4d9c-bb63-90c42ad4ef37'),
                                                                                                          ('a38b8e36-0d95-4594-9d88-3451a07c7b92', now(), true, 'admin', 'Şırnak', '73', 'bbaef49d-9aba-4712-82fd-4384d093755e', '57ab74a6-74fb-4022-a7a5-6f11b655d6a8'),
                                                                                                          ('a51345f3-5d54-4ddc-8539-35acd29b8c7f', now(), true, 'admin', 'Diyarbakır', '21', 'bbaef49d-9aba-4712-82fd-4384d093755e', '57ab74a6-74fb-4022-a7a5-6f11b655d6a8'),
                                                                                                          ('a7aec2a1-1368-48df-9f4e-43f8d6dd66a4', now(), true, 'admin', 'Bolu', '14', 'bbaef49d-9aba-4712-82fd-4384d093755e', 'f5bf8927-386b-429d-bf38-a36fbd0c7555'),
                                                                                                          ('af147737-b09b-450a-8cd7-daaf96bc3734', now(), true, 'admin', 'Ardahan', '75', 'bbaef49d-9aba-4712-82fd-4384d093755e', 'f298448d-91b0-4fac-a753-18660cd934cb'),
                                                                                                          ('b116d124-b5c6-4059-9cf7-3f66ef8b041f', now(), true, 'admin', 'Niğde', '51', 'bbaef49d-9aba-4712-82fd-4384d093755e', 'a7d9ad27-da51-4b0c-aaaa-15ad37ff3a8a'),
                                                                                                          ('b1569112-749c-4811-9675-1a8c7e84c16e', now(), true, 'admin', 'Samsun', '55', 'bbaef49d-9aba-4712-82fd-4384d093755e', 'f5bf8927-386b-429d-bf38-a36fbd0c7555'),
                                                                                                          ('b2ec6d71-2ded-48c5-8b9e-a7560f4311fe', now(), true, 'admin', 'Mardin', '47', 'bbaef49d-9aba-4712-82fd-4384d093755e', '57ab74a6-74fb-4022-a7a5-6f11b655d6a8'),
                                                                                                          ('b5b161bf-a578-4201-ad02-c3bafe581812', now(), true, 'admin', 'Kastamonu', '37', 'bbaef49d-9aba-4712-82fd-4384d093755e', 'f5bf8927-386b-429d-bf38-a36fbd0c7555'),
                                                                                                          ('b6476006-2c41-45ff-bbac-b42f1df07bf6', now(), true, 'admin', 'Iğdır', '76', 'bbaef49d-9aba-4712-82fd-4384d093755e', 'f298448d-91b0-4fac-a753-18660cd934cb'),
                                                                                                          ('b70f3931-2dac-4356-9fc6-2c8fdb0ca9ee', now(), true, 'admin', 'Tokat', '60', 'bbaef49d-9aba-4712-82fd-4384d093755e', 'f5bf8927-386b-429d-bf38-a36fbd0c7555'),
                                                                                                          ('b7e8aeba-e1cd-4700-abb0-75aeb1bf0d4d', now(), true, 'admin', 'İzmir', '35', 'bbaef49d-9aba-4712-82fd-4384d093755e', 'e2ea09b4-18a7-4869-9207-1f289b7d7f2a'),
                                                                                                          ('b8864e0c-4536-4890-91aa-6ec0a5bd50c8', now(), true, 'admin', 'Kırıkkale', '71', 'bbaef49d-9aba-4712-82fd-4384d093755e', 'a7d9ad27-da51-4b0c-aaaa-15ad37ff3a8a'),
                                                                                                          ('cc706c0b-5e49-440d-88bb-fc21391b2d12', now(), true, 'admin', 'Kahramanmaraş', '46', 'bbaef49d-9aba-4712-82fd-4384d093755e', '423c799b-bf31-4731-93ae-8efc86a72631'),
                                                                                                          ('cd3a6d99-e343-45bf-94d9-d7306b56c702', now(), true, 'admin', 'Kocaeli', '41', 'bbaef49d-9aba-4712-82fd-4384d093755e', '11b0abb9-128b-4d9c-bb63-90c42ad4ef37'),
                                                                                                          ('ceb5916f-f5a3-4ec0-b118-7b12fb006167', now(), true, 'admin', 'Antalya', '07', 'bbaef49d-9aba-4712-82fd-4384d093755e', '423c799b-bf31-4731-93ae-8efc86a72631'),
                                                                                                          ('cedcd207-df47-4e57-b1a9-bea2d80158f7', now(), true, 'admin', 'Muğla', '48', 'bbaef49d-9aba-4712-82fd-4384d093755e', 'e2ea09b4-18a7-4869-9207-1f289b7d7f2a'),
                                                                                                          ('d0476241-34f1-4791-bc09-aa2bfa5a3ec1', now(), true, 'admin', 'Siirt', '56', 'bbaef49d-9aba-4712-82fd-4384d093755e', '57ab74a6-74fb-4022-a7a5-6f11b655d6a8'),
                                                                                                          ('d05db18c-9180-4c98-84d5-5f0539c8bdc5', now(), true, 'admin', 'Kars', '36', 'bbaef49d-9aba-4712-82fd-4384d093755e', 'f298448d-91b0-4fac-a753-18660cd934cb'),
                                                                                                          ('d0aa24e9-aed7-48bc-89ef-c8189f2a8199', now(), true, 'admin', 'Kırşehir', '40', 'bbaef49d-9aba-4712-82fd-4384d093755e', 'a7d9ad27-da51-4b0c-aaaa-15ad37ff3a8a'),
                                                                                                          ('dc2897db-7d15-4cc8-9df8-865344f0072a', now(), true, 'admin', 'Afyonkarahisar', '03', 'bbaef49d-9aba-4712-82fd-4384d093755e', 'e2ea09b4-18a7-4869-9207-1f289b7d7f2a'),
                                                                                                          ('df6aa2f0-8fa7-4aaa-ac83-25af2d868a6f', now(), true, 'admin', 'Balıkesir', '10', 'bbaef49d-9aba-4712-82fd-4384d093755e', '11b0abb9-128b-4d9c-bb63-90c42ad4ef37'),
                                                                                                          ('e11a9ec5-5e4d-40a3-9e4c-93d1b6a7bdb1', now(), true, 'admin', 'Yozgat', '66', 'bbaef49d-9aba-4712-82fd-4384d093755e', 'a7d9ad27-da51-4b0c-aaaa-15ad37ff3a8a'),
                                                                                                          ('e3ef4335-8701-49db-a6ff-f684b7a4ec5b', now(), true, 'admin', 'Erzurum', '25', 'bbaef49d-9aba-4712-82fd-4384d093755e', 'f298448d-91b0-4fac-a753-18660cd934cb'),
                                                                                                          ('e5a89741-4891-47db-a1db-f405ed5615c1', now(), true, 'admin', 'Eskişehir', '26', 'bbaef49d-9aba-4712-82fd-4384d093755e', 'a7d9ad27-da51-4b0c-aaaa-15ad37ff3a8a'),
                                                                                                          ('e664968b-2c41-4182-931b-33a31a803075', now(), true, 'admin', 'Hakkari', '30', 'bbaef49d-9aba-4712-82fd-4384d093755e', 'f298448d-91b0-4fac-a753-18660cd934cb'),
                                                                                                          ('e7b54856-5ba3-46ac-a163-7f7dc4c89c1d', now(), true, 'admin', 'Erzincan', '24', 'bbaef49d-9aba-4712-82fd-4384d093755e', 'f298448d-91b0-4fac-a753-18660cd934cb'),
                                                                                                          ('f155078e-9342-4faa-a06d-aaa4ea8fdf1d', now(), true, 'admin', 'Amasya', '05', 'bbaef49d-9aba-4712-82fd-4384d093755e', 'f5bf8927-386b-429d-bf38-a36fbd0c7555'),
                                                                                                          ('f663ea33-1ed1-4dad-aece-91d208dd897e', now(), true, 'admin', 'Van', '65', 'bbaef49d-9aba-4712-82fd-4384d093755e', 'f298448d-91b0-4fac-a753-18660cd934cb'),
                                                                                                          ('f67e8a4e-95f7-4e6b-9c60-5413828ed905', now(), true, 'admin', 'Giresun', '28', 'bbaef49d-9aba-4712-82fd-4384d093755e', 'f5bf8927-386b-429d-bf38-a36fbd0c7555'),
                                                                                                          ('fb8652a5-023e-4f33-adb9-a7d044866fef', now(), true, 'admin', 'Ağrı', '04', 'bbaef49d-9aba-4712-82fd-4384d093755e', 'f298448d-91b0-4fac-a753-18660cd934cb');

INSERT INTO common.county (id, insert_date, is_active, saves_user, county_code, name, city) VALUES
                                                                                                ('010083c5-7412-48e2-8a4a-9d7c1b48729f', now(), true, 'admin', '2028', 'Sumbas', '2745821e-f1d7-492c-bba6-6238bdd1ea59'),
                                                                                                ('01136cc4-b82e-4c5f-aaff-a20350928bfa', now(), true, 'admin', '1186', 'Beyoğlu', '34f4c2dd-8a3d-405a-96ef-e84b3ee2d9f9'),
                                                                                                ('0114878f-d36d-496d-9677-5445223be72d', now(), true, 'admin', '1723', 'Yenimahalle', '1cf6df63-55b6-4ad9-98be-5371641e8808'),
                                                                                                ('01d0e23a-2756-481c-90d3-55458a014064', now(), true, 'admin', '1752', 'Akkışla', '2b8c542c-ae0c-4f0b-b76c-9dc50e45e925'),
                                                                                                ('02293f9f-61d9-425d-b222-4ca64a4ad415', now(), true, 'admin', '1582', 'Pütürge', '016a347b-e9d9-4be6-a207-40ff1dc98300'),
                                                                                                ('028767f3-12af-439a-a27a-e8c27a9bcb58', now(), true, 'admin', '2040', 'Bağlar', 'a51345f3-5d54-4ddc-8539-35acd29b8c7f'),
                                                                                                ('0291f2b3-a897-4273-9952-2c398ffc338e', now(), true, 'admin', '2023', 'Elbeyli', '27149f69-88b7-4337-8fe8-2997fe925901'),
                                                                                                ('02998efa-6557-4934-a29b-f1e94aecb4d3', now(), true, 'admin', '1323', 'Eşme', '79c97789-68ee-4067-a0fe-7802d307ef42'),
                                                                                                ('0317e708-96e0-42b4-9a2b-fb7e3b364ea9', now(), true, 'admin', '1760', 'Altınekin', '87d4ea1c-afc9-44e7-8b41-f38975b46d57'),
                                                                                                ('03749738-ea2f-47e3-b194-ed4f97c24b25', now(), true, 'admin', '1537', 'Mutki', '796a5980-1f24-4747-9ddc-dff0fd8d4ab4'),
                                                                                                ('0379fce8-89f2-42dd-8185-ffa704403ce7', now(), true, 'admin', '1969', 'Kuluncak', '016a347b-e9d9-4be6-a207-40ff1dc98300'),
                                                                                                ('03dd7d06-3be7-4617-a5fb-12fdb3d929bd', now(), true, 'admin', '1124', 'Alaca', '2847375f-0a57-4302-9ab9-78f6eb3892de'),
                                                                                                ('03f7fdf4-9306-4948-8eb3-2786f7d08219', now(), true, 'admin', '2029', 'Toprakkale', '2745821e-f1d7-492c-bba6-6238bdd1ea59'),
                                                                                                ('04093e1e-9c5b-4eb6-b374-dc5c894a2336', now(), true, 'admin', '1573', 'Perşembe', '2c26531b-f6b8-4bee-9902-6fa08fb9ae92'),
                                                                                                ('043f66ca-399c-49e3-a70a-c8ba77c4026d', now(), true, 'admin', '1534', 'Muş Merkez', '8b475617-e5ad-449a-8fdd-f0e38f5beecb'),
                                                                                                ('044b1edd-28f1-4d75-a678-d65212b9e1c4', now(), true, 'admin', '1997', 'Yeniçağa', 'a7aec2a1-1368-48df-9f4e-43f8d6dd66a4'),
                                                                                                ('0489448c-5006-45c9-b9ae-abf1544e249a', now(), true, 'admin', '1934', 'Günyüzü', 'e5a89741-4891-47db-a1db-f405ed5615c1'),
                                                                                                ('04d9bd55-33fd-4eac-b62c-d3213613a21c', now(), true, 'admin', '1753', 'Akören', '87d4ea1c-afc9-44e7-8b41-f38975b46d57'),
                                                                                                ('04f090bd-3c64-46aa-afa4-53d658255fd6', now(), true, 'admin', '1395', 'Hopa', '9c6403c4-0d5a-40e4-8c1a-b7a437e89955'),
                                                                                                ('0513be5e-4615-4adb-ba77-09c7d7e7c18f', now(), true, 'admin', '1527', 'Mihalıççık', 'e5a89741-4891-47db-a1db-f405ed5615c1'),
                                                                                                ('05d33e2b-63fc-44b4-9675-47eebe8c1740', now(), true, 'admin', '1226', 'Çameli', '5c6914ab-7594-43e7-856c-09d6dd9db9f6'),
                                                                                                ('05fbde8a-cb63-40b4-a57a-f69cfeded2fa', now(), true, 'admin', '1648', 'Sütçüler', '2ead4855-70a0-4a13-a9a0-d8340d1e47e1'),
                                                                                                ('0600f720-b73d-442a-b0b5-fc6ab7b9751c', now(), true, 'admin', '1203', 'Bornova', 'b7e8aeba-e1cd-4700-abb0-75aeb1bf0d4d'),
                                                                                                ('0661c73a-f024-4a7f-be94-da63fef87e56', now(), true, 'admin', '1300', 'Eldivan', '3ab6f8ce-f95a-416e-9aac-1b1c95b12a19'),
                                                                                                ('0667cdf5-5b07-4eda-a175-dfe5cdfa1cff', now(), true, 'admin', '1703', 'Urla', 'b7e8aeba-e1cd-4700-abb0-75aeb1bf0d4d'),
                                                                                                ('066aab67-680f-449b-b4ed-fe8943cce5cb', now(), true, 'admin', '2018', 'Güzelbahçe', 'b7e8aeba-e1cd-4700-abb0-75aeb1bf0d4d'),
                                                                                                ('06a23e51-ac62-48e3-9eaa-343aa6bb4e63', now(), true, 'admin', '1145', 'Ardanuç', '9c6403c4-0d5a-40e4-8c1a-b7a437e89955'),
                                                                                                ('06c34d56-9261-4cab-a358-723bf852b211', now(), true, 'admin', '1342', 'Gemerek', '82f54b55-2807-423e-80fe-b78e2fc02e35'),
                                                                                                ('06f4e5de-a8bb-4719-aa20-ec8566395bc8', now(), true, 'admin', '1725', 'Yenişehir / Bursa', '44036c7e-a870-4d21-832f-15833fb7d2d9'),
                                                                                                ('07b6b2d3-6b1c-47fa-9c0e-81138df3d0de', now(), true, 'admin', '1333', 'Finike', 'ceb5916f-f5a3-4ec0-b118-7b12fb006167'),
                                                                                                ('07c488e8-dab1-403a-a432-fc965e962a14', now(), true, 'admin', '1125', 'Alaçam', 'b1569112-749c-4811-9675-1a8c7e84c16e'),
                                                                                                ('08062a7f-3770-4bd6-a383-b8e4ef1e9b77', now(), true, 'admin', '1238', 'Çatalzeytin', 'b5b161bf-a578-4201-ad02-c3bafe581812'),
                                                                                                ('080fd845-d5ab-4b3d-b34c-b374bbae995e', now(), true, 'admin', '1907', 'Derbent', '87d4ea1c-afc9-44e7-8b41-f38975b46d57'),
                                                                                                ('085ca3da-8d08-4c28-96e5-5f1200d1fa3f', now(), true, 'admin', '1775', 'Beşikdüzü', '3fdfe92e-f5ed-477b-876c-63b422f8ddbe'),
                                                                                                ('088d1afe-b385-4886-8d59-a76b28fa8cbe', now(), true, 'admin', '1889', 'Bozkurt / Denizli', '5c6914ab-7594-43e7-856c-09d6dd9db9f6'),
                                                                                                ('089d423a-08be-466a-82b9-be25f9584a63', now(), true, 'admin', '1360', 'Gönen / Balıkesir', 'df6aa2f0-8fa7-4aaa-ac83-25af2d868a6f'),
                                                                                                ('08c6f9d3-d17c-44c4-a1e5-241e19d50857', now(), true, 'admin', '1734', 'Yumurtalık', '15f5e6a3-6db0-418f-a7e7-85a6578816a6'),
                                                                                                ('09762e61-a5d8-4452-888b-a3c16e9e6723', now(), true, 'admin', '1607', 'Sason', '487a8650-a7d7-4eb9-8607-a86974dbf17a'),
                                                                                                ('09a58637-6afb-4fd6-b26c-380843a0fb1f', now(), true, 'admin', '1193', 'Bingöl Merkez', '55c00e8d-3b38-439b-ae7f-3f1992ecb596'),
                                                                                                ('0a691f75-1220-41ce-ab6d-67a1cb6ca902', now(), true, 'admin', '1130', 'Altındağ', '1cf6df63-55b6-4ad9-98be-5371641e8808'),
                                                                                                ('0ac713b8-c818-4cc1-ac8f-0e6d9834e57c', now(), true, 'admin', '1218', 'Bünyan', '2b8c542c-ae0c-4f0b-b76c-9dc50e45e925'),
                                                                                                ('0b32a7c0-f77d-4302-9704-756e67c1ad83', now(), true, 'admin', '1831', 'Ortaca', 'cedcd207-df47-4e57-b1a9-bea2d80158f7'),
                                                                                                ('0b4d187e-e806-4cf2-b7c2-5077b652f359', now(), true, 'admin', '1399', 'Ilgaz', '3ab6f8ce-f95a-416e-9aac-1b1c95b12a19'),
                                                                                                ('0b6e9750-4486-482d-b201-03966d93df9e', now(), true, 'admin', '1948', 'İnhisar', '41f3806f-d604-4a0e-a7ba-626cb5ac5584'),
                                                                                                ('0bff7cff-c50d-44ea-9a97-056428261f1c', now(), true, 'admin', '1847', 'Taraklı', '464be00b-842e-4967-b604-fce3f23240f8'),
                                                                                                ('0c09ed6e-3948-495b-b978-9be4f8c9fff0', now(), true, 'admin', '2085', 'Onikişubat', 'cc706c0b-5e49-440d-88bb-fc21391b2d12'),
                                                                                                ('0c336b7e-b1bc-474c-b5d4-6324d2b8aaa6', now(), true, 'admin', '1837', 'Piraziz', 'f67e8a4e-95f7-4e6b-9c60-5413828ed905'),
                                                                                                ('0c43f856-fabb-4081-a7ce-e853d9eb86e1', now(), true, 'admin', '1170', 'Banaz', '79c97789-68ee-4067-a0fe-7802d307ef42'),
                                                                                                ('0c540d1c-98d6-49ac-b678-e2e41bc83ef9', now(), true, 'admin', '1290', 'Durağan', '55666a29-30e4-431f-9fa1-a63a7b26c635'),
                                                                                                ('0d70afae-78f6-4887-932f-26ab7d1091e7', now(), true, 'admin', '1659', 'Şile', '34f4c2dd-8a3d-405a-96ef-e84b3ee2d9f9'),
                                                                                                ('0d90d829-eadb-4fb0-bd88-51d2efe56893', now(), true, 'admin', '1732', 'Yomra', '3fdfe92e-f5ed-477b-876c-63b422f8ddbe'),
                                                                                                ('0d94c065-6c9e-4837-aad5-a36ea2e0738d', now(), true, 'admin', '1272', 'Dereli', 'f67e8a4e-95f7-4e6b-9c60-5413828ed905'),
                                                                                                ('0dc52c30-9e1a-42a7-95c8-05427225c153', now(), true, 'admin', '1560', 'Osmaniye Merkez', '2745821e-f1d7-492c-bba6-6238bdd1ea59'),
                                                                                                ('0dfb135a-c663-4f26-ad85-dc75c603e948', now(), true, 'admin', '1706', 'Ünye', '2c26531b-f6b8-4bee-9902-6fa08fb9ae92'),
                                                                                                ('0e32ede3-2628-427d-a22a-e153481ad9cd', now(), true, 'admin', '1146', 'Ardeşen', '18f869b9-9b88-42e2-989d-aa662a10dfbb'),
                                                                                                ('0e6503e5-1c35-4429-8212-ce6ae92d024d', now(), true, 'admin', '1715', 'Yahyalı', '2b8c542c-ae0c-4f0b-b76c-9dc50e45e925'),
                                                                                                ('0ea500ba-e704-48b7-908f-5eb415ed77cf', now(), true, 'admin', '1789', 'Derebucak', '87d4ea1c-afc9-44e7-8b41-f38975b46d57'),
                                                                                                ('0ea57131-5c37-44a8-ae54-89a721604067', now(), true, 'admin', '2055', 'Sultangazi', '34f4c2dd-8a3d-405a-96ef-e84b3ee2d9f9'),
                                                                                                ('0ee9f337-5da5-452e-8e92-0ebf85fa8d9b', now(), true, 'admin', '2015', 'Tuzla', '34f4c2dd-8a3d-405a-96ef-e84b3ee2d9f9'),
                                                                                                ('0ef33e4a-f337-40fb-a3c4-9f55d9bf1c77', now(), true, 'admin', '1430', 'Kandıra', 'cd3a6d99-e343-45bf-94d9-d7306b56c702'),
                                                                                                ('0ef820b4-4fdb-43b8-9a94-70bab2530031', now(), true, 'admin', '1398', 'Iğdır Merkez', 'b6476006-2c41-45ff-bbac-b42f1df07bf6'),
                                                                                                ('0f321545-bfe3-404c-98a2-c6570dc861e7', now(), true, 'admin', '2032', 'Sarıçam', '15f5e6a3-6db0-418f-a7e7-85a6578816a6'),
                                                                                                ('0f74fdf5-a50e-42ae-a77c-3cb15d93de71', now(), true, 'admin', '1151', 'Artova', 'b70f3931-2dac-4356-9fc6-2c8fdb0ca9ee'),
                                                                                                ('0fdad147-55bd-4800-9972-3da0d9784bc4', now(), true, 'admin', '1737', 'Yüksekova', 'e664968b-2c41-4182-931b-33a31a803075'),
                                                                                                ('100e1112-a8b9-43ef-a874-5e19d57edb55', now(), true, 'admin', '1328', 'Fatsa', '2c26531b-f6b8-4bee-9902-6fa08fb9ae92'),
                                                                                                ('103731af-47e9-467b-9bfb-834ab363aad2', now(), true, 'admin', '1858', 'Yeşilyurt / Tokat', 'b70f3931-2dac-4356-9fc6-2c8fdb0ca9ee'),
                                                                                                ('1052eb5b-4823-4848-88bf-0170a806947d', now(), true, 'admin', '2001', 'Yenişarbademli', '2ead4855-70a0-4a13-a9a0-d8340d1e47e1'),
                                                                                                ('10670235-25b7-486d-a666-ddbf13fb5f69', now(), true, 'admin', '1576', 'Pınarbaşı / Kayseri', '2b8c542c-ae0c-4f0b-b76c-9dc50e45e925'),
                                                                                                ('111270d1-b776-4856-a0fb-01d0595597a2', now(), true, 'admin', '1404', 'İhsaniye', 'dc2897db-7d15-4cc8-9df8-865344f0072a'),
                                                                                                ('115bff91-fc31-4e29-bb91-45cbcb24cd91', now(), true, 'admin', '1132', 'Altıntaş', '275b46c3-4fdc-4536-a19e-9f8a78cdaac9'),
                                                                                                ('118ec92c-3e47-4415-94e2-f9e393f180a4', now(), true, 'admin', '1812', 'Karaçoban', 'e3ef4335-8701-49db-a6ff-f684b7a4ec5b'),
                                                                                                ('1190620e-5f9e-4d9b-88fb-048e4c35f496', now(), true, 'admin', '1163', 'Babaeski', '5bfc4bf2-a1ed-47f5-b091-7ab1491c1de3'),
                                                                                                ('11af1596-81df-4019-9dd1-3d857ea6d50b', now(), true, 'admin', '1670', 'Tavas', '5c6914ab-7594-43e7-856c-09d6dd9db9f6'),
                                                                                                ('11c92a82-9062-4ddb-8b83-5d8f92148c58', now(), true, 'admin', '2058', 'Başiskele', 'cd3a6d99-e343-45bf-94d9-d7306b56c702'),
                                                                                                ('128e5ddb-f79e-4e3d-b265-054b7bd57167', now(), true, 'admin', '1979', 'Pazarlar', '275b46c3-4fdc-4536-a19e-9f8a78cdaac9'),
                                                                                                ('12940b90-64f7-4f4b-9d9b-9f038b40a2e9', now(), true, 'admin', '1115', 'Akçakale', '62cd7de3-8dbd-4c36-935b-5efe32ca5b02'),
                                                                                                ('12b3b88e-5002-4291-8301-382234920f89', now(), true, 'admin', '1558', 'Osmancık', '2847375f-0a57-4302-9ab9-78f6eb3892de'),
                                                                                                ('131f603a-17b7-4a2f-95cd-6eaf2dff3c96', now(), true, 'admin', '1563', 'Ödemiş', 'b7e8aeba-e1cd-4700-abb0-75aeb1bf0d4d'),
                                                                                                ('133c72cd-9ceb-4e66-b078-222c334e19fa', now(), true, 'admin', '1826', 'Menderes', 'b7e8aeba-e1cd-4700-abb0-75aeb1bf0d4d'),
                                                                                                ('13ee16fa-76ae-472b-9bd9-9530d166abe4', now(), true, 'admin', '1156', 'Ayancık', '55666a29-30e4-431f-9fa1-a63a7b26c635'),
                                                                                                ('14622041-885d-4236-be45-6e4ed069b431', now(), true, 'admin', '1103', 'Adalar', '34f4c2dd-8a3d-405a-96ef-e84b3ee2d9f9'),
                                                                                                ('148734c3-d751-4f85-b9d8-1a8a65e52668', now(), true, 'admin', '1746', 'Mamak', '1cf6df63-55b6-4ad9-98be-5371641e8808'),
                                                                                                ('149336a1-9965-4f71-bef1-bb4606205eb2', now(), true, 'admin', '1208', 'Bozkurt / Kastamonu', 'b5b161bf-a578-4201-ad02-c3bafe581812'),
                                                                                                ('14d24858-3084-4f81-b24c-5428bf067873', now(), true, 'admin', '1469', 'Kırıkkale Merkez', 'b8864e0c-4536-4890-91aa-6ec0a5bd50c8'),
                                                                                                ('14f054cc-45b1-4209-b4ba-3fe5cce9eb69', now(), true, 'admin', '2073', 'Canik', 'b1569112-749c-4811-9675-1a8c7e84c16e'),
                                                                                                ('150d96da-5ff5-4745-b957-91095f4e17fe', now(), true, 'admin', '1954', 'Karakeçili', 'b8864e0c-4536-4890-91aa-6ec0a5bd50c8'),
                                                                                                ('15bd013e-db5e-415d-bf2a-48fef7f8b142', now(), true, 'admin', '1630', 'Siverek', '62cd7de3-8dbd-4c36-935b-5efe32ca5b02'),
                                                                                                ('15e38bbe-12ed-4d9e-b3f8-8a9eadcdfacd', now(), true, 'admin', '1774', 'Bekilli', '5c6914ab-7594-43e7-856c-09d6dd9db9f6'),
                                                                                                ('15f6347b-30a5-40d7-80bc-45f64caf0062', now(), true, 'admin', '1615', 'Senirkent', '2ead4855-70a0-4a13-a9a0-d8340d1e47e1'),
                                                                                                ('16322c8c-f49a-47a9-a043-d3df57621d5c', now(), true, 'admin', '1536', 'Mut', '7cb95db1-d6ce-46c8-bb64-b4a2bde6ec94'),
                                                                                                ('16bb18b6-c61d-463f-a66f-08754c7a5539', now(), true, 'admin', '1895', 'Çandır', 'e11a9ec5-5e4d-40a3-9e4c-93d1b6a7bdb1'),
                                                                                                ('16d13950-d52f-4ef8-9ba1-8a9df69f8173', now(), true, 'admin', '1486', 'Kozan', '15f5e6a3-6db0-418f-a7e7-85a6578816a6'),
                                                                                                ('16e2b169-e576-4820-a30e-9e8814bc5512', now(), true, 'admin', '1171', 'Bandırma', 'df6aa2f0-8fa7-4aaa-ac83-25af2d868a6f'),
                                                                                                ('16ec7ef2-8204-4447-afa8-98d045621a3d', now(), true, 'admin', '1482', 'Korgan', '2c26531b-f6b8-4bee-9902-6fa08fb9ae92'),
                                                                                                ('179be984-e09e-448a-a628-52bf3a504eb0', now(), true, 'admin', '1765', 'Atkaracalar', '3ab6f8ce-f95a-416e-9aac-1b1c95b12a19'),
                                                                                                ('17f75e04-53a8-4fe7-8fe7-498f8885dcb1', now(), true, 'admin', '2026', 'Termal', '4d5386a5-a869-4e59-bc08-5a8ed391291c'),
                                                                                                ('1876d2f5-3625-4164-8475-582dc6dcad2c', now(), true, 'admin', '1679', 'Tokat Merkez', 'b70f3931-2dac-4356-9fc6-2c8fdb0ca9ee'),
                                                                                                ('188e1190-d739-40a0-bb30-1fc8305dce70', now(), true, 'admin', '1909', 'Dernekpazarı', '3fdfe92e-f5ed-477b-876c-63b422f8ddbe'),
                                                                                                ('18b38a9a-5e3b-44fd-8821-a423ac6e205b', now(), true, 'admin', '1112', 'Ahlat', '796a5980-1f24-4747-9ddc-dff0fd8d4ab4'),
                                                                                                ('18c702e2-74e6-4086-8547-f4fd1de53fe6', now(), true, 'admin', '1922', 'Etimesgut', '1cf6df63-55b6-4ad9-98be-5371641e8808'),
                                                                                                ('18ef44f0-97ca-48ff-ac2b-ec63a8857491', now(), true, 'admin', '1205', 'Bozcaada', 'a23e8955-cb52-439e-9e92-44ffd3a70cff'),
                                                                                                ('19198c7e-7c72-4e10-b597-b896e23534e1', now(), true, 'admin', '2053', 'Esenyurt', '34f4c2dd-8a3d-405a-96ef-e84b3ee2d9f9'),
                                                                                                ('19800afb-4530-4ef7-b2e4-ad42d981ee6a', now(), true, 'admin', '1718', 'Yapraklı', '3ab6f8ce-f95a-416e-9aac-1b1c95b12a19'),
                                                                                                ('19a4921e-ac72-4a9f-aa4d-dde2e3fd7294', now(), true, 'admin', '1841', 'Şahinbey', '8660e01e-e703-4177-b85a-a596f689915d'),
                                                                                                ('19f58554-05f0-47bc-b3b3-a1473a20d024', now(), true, 'admin', '1533', 'Muradiye', 'f663ea33-1ed1-4dad-aece-91d208dd897e'),
                                                                                                ('19f7f4dc-65da-4d46-a9be-3726da7daa0a', now(), true, 'admin', '1492', 'Kumluca', 'ceb5916f-f5a3-4ec0-b118-7b12fb006167'),
                                                                                                ('1a03843f-4f72-402d-9f96-eceff9424398', now(), true, 'admin', '1785', 'Çağlayancerit', 'cc706c0b-5e49-440d-88bb-fc21391b2d12'),
                                                                                                ('1a40eb62-63d1-4c5a-9de7-1b6ffae08e57', now(), true, 'admin', '1265', 'Darende', '016a347b-e9d9-4be6-a207-40ff1dc98300'),
                                                                                                ('1a81b268-c4a2-4340-a7cc-960144e2f3c4', now(), true, 'admin', '1976', 'Oğuzlar', '2847375f-0a57-4302-9ab9-78f6eb3892de'),
                                                                                                ('1abdd453-78e4-4a23-8405-8ead4cab295b', now(), true, 'admin', '2022', 'Çiftlikköy', '4d5386a5-a869-4e59-bc08-5a8ed391291c'),
                                                                                                ('1ac95802-d406-4312-aa02-559aafef1e36', now(), true, 'admin', '2021', 'Çınarcık', '4d5386a5-a869-4e59-bc08-5a8ed391291c'),
                                                                                                ('1b2b7d29-1d06-41b5-a5ff-6437f108d1c4', now(), true, 'admin', '1748', 'Yüreğir', '15f5e6a3-6db0-418f-a7e7-85a6578816a6'),
                                                                                                ('1b5ea16a-e8dc-4206-aa97-9bd84efbbd97', now(), true, 'admin', '1530', 'Mudanya', '44036c7e-a870-4d21-832f-15833fb7d2d9'),
                                                                                                ('1bebad8b-394a-43da-9ef9-9a0c6e629d41', now(), true, 'admin', '1641', 'Suluova', 'f155078e-9342-4faa-a06d-aaa4ea8fdf1d'),
                                                                                                ('1cbd6981-8b77-4cfa-a8c3-3e3959dc3b56', now(), true, 'admin', '1188', 'Beyşehir', '87d4ea1c-afc9-44e7-8b41-f38975b46d57'),
                                                                                                ('1cd8c79a-f99b-42f3-9238-f919c1eaa7b7', now(), true, 'admin', '1741', 'Zonguldak Merkez', '520dbbcf-0e0b-4bbc-8910-13c5dc48f4b4'),
                                                                                                ('1cedbd0b-c006-4f45-b4c5-a28e38ae5bbf', now(), true, 'admin', '1947', 'İkizce', '2c26531b-f6b8-4bee-9902-6fa08fb9ae92'),
                                                                                                ('1d2f981c-2037-4444-9b53-e51c04cc0251', now(), true, 'admin', '1920', 'Emirgazi', '87d4ea1c-afc9-44e7-8b41-f38975b46d57'),
                                                                                                ('1d30337e-41cb-49c6-9876-179054e62069', now(), true, 'admin', '2043', 'Yenişehir / Diyarbakır', 'a51345f3-5d54-4ddc-8539-35acd29b8c7f'),
                                                                                                ('1d4f0ba9-6db5-4df5-887e-172a672a4c93', now(), true, 'admin', '1503', 'Lapseki', 'a23e8955-cb52-439e-9e92-44ffd3a70cff'),
                                                                                                ('1d65c25b-10d7-4e8c-a6ba-87dcd94e6214', now(), true, 'admin', '1708', 'Üsküdar', '34f4c2dd-8a3d-405a-96ef-e84b3ee2d9f9'),
                                                                                                ('1d7f7993-e45d-4960-b4ff-15fe2fcb3a3e', now(), true, 'admin', '1890', 'Boztepe', 'd0aa24e9-aed7-48bc-89ef-c8189f2a8199'),
                                                                                                ('1da64fad-7c16-4193-8a18-a85876fa73ee', now(), true, 'admin', '1526', 'Midyat', 'b2ec6d71-2ded-48c5-8b9e-a7560f4311fe'),
                                                                                                ('1dede81c-9093-495d-a004-ae5f8a6b48b1', now(), true, 'admin', '1294', 'Edremit / Balıkesir', 'df6aa2f0-8fa7-4aaa-ac83-25af2d868a6f'),
                                                                                                ('1e09f4f6-f962-4580-bc71-2ad0311c2ad1', now(), true, 'admin', '2016', 'Esenler', '34f4c2dd-8a3d-405a-96ef-e84b3ee2d9f9'),
                                                                                                ('1e419758-be3e-4155-a13b-23fb7948c0f6', now(), true, 'admin', '1944', 'Hocalar', 'dc2897db-7d15-4cc8-9df8-865344f0072a'),
                                                                                                ('1e71ab97-05bd-4f43-9f6a-ace7524fb823', now(), true, 'admin', '1731', 'Yıldızeli', '82f54b55-2807-423e-80fe-b78e2fc02e35'),
                                                                                                ('1ed2cc16-30df-403e-892c-1a2d2baa6670', now(), true, 'admin', '1767', 'Aydıntepe', '9720ec26-58e4-410a-91a7-5ca1f8c0713c'),
                                                                                                ('1feab5b6-b9a6-43c8-892b-3e68c82e9691', now(), true, 'admin', '1939', 'Han', 'e5a89741-4891-47db-a1db-f405ed5615c1'),
                                                                                                ('1ff43892-3bfe-4aef-9260-51dd017ae0a0', now(), true, 'admin', '1586', 'Rize Merkez', '18f869b9-9b88-42e2-989d-aa662a10dfbb'),
                                                                                                ('2016c8e6-dcef-46ba-8761-59d63b24dd3d', now(), true, 'admin', '1873', 'Alacakaya', '73100cdf-4383-4f40-80a8-801e2b8c17f6'),
                                                                                                ('202bbba1-d290-44e0-b177-d7de0700d01f', now(), true, 'admin', '1523', 'Meriç', '97ddd116-c15d-4021-a4c4-aacfa21287b7'),
                                                                                                ('20335a8c-530a-4752-8cf5-67bd7bbc347a', now(), true, 'admin', '1643', 'Suruç', '62cd7de3-8dbd-4c36-935b-5efe32ca5b02'),
                                                                                                ('204f0a4e-a724-4787-97dc-0f74a19b7d31', now(), true, 'admin', '2017', 'Gümüşova', '7b34906e-9163-426c-b8f4-77b51a3b5b5f'),
                                                                                                ('20513eb1-c4fa-4d8e-bc7b-f6f66136ef2b', now(), true, 'admin', '1539', 'Nallıhan', '1cf6df63-55b6-4ad9-98be-5371641e8808'),
                                                                                                ('206b7887-085a-4c57-a625-7b4d00bf9424', now(), true, 'admin', '1629', 'Sivaslı', '79c97789-68ee-4067-a0fe-7802d307ef42'),
                                                                                                ('209ed0f6-f01f-494d-ac07-691d5e8fec27', now(), true, 'admin', '1243', 'Çayırlı', 'e7b54856-5ba3-46ac-a163-7f7dc4c89c1d'),
                                                                                                ('20d37bc0-0281-41f2-aa25-79abc19b4a06', now(), true, 'admin', '1214', 'Buldan', '5c6914ab-7594-43e7-856c-09d6dd9db9f6'),
                                                                                                ('21ca6a17-6a16-43cb-94c9-ddf4fa8b9350', now(), true, 'admin', '1401', 'Isparta Merkez', '2ead4855-70a0-4a13-a9a0-d8340d1e47e1'),
                                                                                                ('21fd595a-43ef-4b91-9b2e-b13a220c87de', now(), true, 'admin', '1221', 'Cide', 'b5b161bf-a578-4201-ad02-c3bafe581812'),
                                                                                                ('2258b0d2-daff-4b1e-a00e-5e345e0eaec1', now(), true, 'admin', '1919', 'Ekinözü', 'cc706c0b-5e49-440d-88bb-fc21391b2d12'),
                                                                                                ('22688b3e-f122-4792-9525-1af6205a315b', now(), true, 'admin', '1982', 'Saraykent', 'e11a9ec5-5e4d-40a3-9e4c-93d1b6a7bdb1'),
                                                                                                ('2279f814-ee47-4ea4-8f3d-909a85518483', now(), true, 'admin', '2027', 'Hasanbeyli', '2745821e-f1d7-492c-bba6-6238bdd1ea59'),
                                                                                                ('22d0b52b-ad43-445d-a200-cd51bdf17cf2', now(), true, 'admin', '1548', 'Of', '3fdfe92e-f5ed-477b-876c-63b422f8ddbe'),
                                                                                                ('233cda30-ab34-4765-9a04-14510d7f7fcb', now(), true, 'admin', '1201', 'Bor', 'b116d124-b5c6-4059-9cf7-3f66ef8b041f'),
                                                                                                ('2354edb4-5522-48d1-82ea-1af3dd5be09a', now(), true, 'admin', '2060', 'Darıca', 'cd3a6d99-e343-45bf-94d9-d7306b56c702'),
                                                                                                ('23b362c5-ec71-4e73-adf6-3fbaf98a45bf', now(), true, 'admin', '1830', '19 Mayıs', 'b1569112-749c-4811-9675-1a8c7e84c16e'),
                                                                                                ('247dffba-7fcd-47e6-9961-bca79b369241', now(), true, 'admin', '1347', 'Gerger', '2f97c1fd-98a4-4bf7-a216-b153e942842d'),
                                                                                                ('24d24a01-269d-407e-bd49-d30bf4641c24', now(), true, 'admin', '1167', 'Bala', '1cf6df63-55b6-4ad9-98be-5371641e8808'),
                                                                                                ('252f9e45-281f-411e-8415-9247be8d2ab7', now(), true, 'admin', '1685', 'Tosya', 'b5b161bf-a578-4201-ad02-c3bafe581812'),
                                                                                                ('25d6a09e-8b64-4d39-9204-12a9437eb753', now(), true, 'admin', '1878', 'Tillo', 'd0476241-34f1-4791-bc09-aa2bfa5a3ec1'),
                                                                                                ('25eeeb0a-2eba-45cd-9843-774f4d2a75de', now(), true, 'admin', '1123', 'Akyazı', '464be00b-842e-4967-b604-fce3f23240f8'),
                                                                                                ('264fe360-de5f-4906-a6ee-0dd68aa5a273', now(), true, 'admin', '1696', 'Ulubey / Ordu', '2c26531b-f6b8-4bee-9902-6fa08fb9ae92'),
                                                                                                ('26b5b690-2e2e-465e-b537-344065453ed4', now(), true, 'admin', '1517', 'Marmaris', 'cedcd207-df47-4e57-b1a9-bea2d80158f7'),
                                                                                                ('26b94e0f-a88b-440f-a9aa-6b054607d0a6', now(), true, 'admin', '1405', 'İkizdere', '18f869b9-9b88-42e2-989d-aa662a10dfbb'),
                                                                                                ('26ee9eda-decd-434a-b769-8c134c78c0f5', now(), true, 'admin', '1728', 'Yeşilova', '0cb557a8-68f1-4163-86a1-baaa42dc3b86'),
                                                                                                ('273a39c5-d2af-41fe-a829-4e4e190b3339', now(), true, 'admin', '1134', 'Amasya Merkez', 'f155078e-9342-4faa-a06d-aaa4ea8fdf1d'),
                                                                                                ('274d55dc-a207-4af1-930a-c246572b0213', now(), true, 'admin', '1246', 'Çelikhan', '2f97c1fd-98a4-4bf7-a216-b153e942842d'),
                                                                                                ('276c385a-0a90-492e-8e4e-8a850aac6d68', now(), true, 'admin', '1452', 'Kavak', 'b1569112-749c-4811-9675-1a8c7e84c16e'),
                                                                                                ('27942e6b-a975-4dad-81fd-c713be1cbb35', now(), true, 'admin', '1164', 'Bafra', 'b1569112-749c-4811-9675-1a8c7e84c16e'),
                                                                                                ('27fc5701-251a-4ddf-b380-ef5a42f89f28', now(), true, 'admin', '1886', 'Bayrampaşa', '34f4c2dd-8a3d-405a-96ef-e84b3ee2d9f9'),
                                                                                                ('28435cd2-c405-4d6f-84b7-5929d96d9fa2', now(), true, 'admin', '1962', 'Kocaköy', 'a51345f3-5d54-4ddc-8539-35acd29b8c7f'),
                                                                                                ('287b8b9c-b7d4-4707-9954-30218675489e', now(), true, 'admin', '1386', 'Havza', 'b1569112-749c-4811-9675-1a8c7e84c16e'),
                                                                                                ('28fbc0c6-fa30-4c06-9e82-0ba79eacf0c9', now(), true, 'admin', '1285', 'Doğanhisar', '87d4ea1c-afc9-44e7-8b41-f38975b46d57'),
                                                                                                ('2a83cecd-cb95-4cbd-9abb-17a43df031dd', now(), true, 'admin', '1660', 'Şiran', '1d10fbfa-a050-4a1e-969e-e05300e8935c'),
                                                                                                ('2aadb3eb-9c69-45f6-b210-f568b7256323', now(), true, 'admin', '1169', 'Balya', 'df6aa2f0-8fa7-4aaa-ac83-25af2d868a6f'),
                                                                                                ('2b59af45-7f0a-421d-83c2-c130f8846383', now(), true, 'admin', '1242', 'Çayıralan', 'e11a9ec5-5e4d-40a3-9e4c-93d1b6a7bdb1'),
                                                                                                ('2bc51537-e5f0-4167-b8f1-2f7818fcfec2', now(), true, 'admin', '1445', 'Kargı', '2847375f-0a57-4302-9ab9-78f6eb3892de'),
                                                                                                ('2c8aa67b-2347-4919-9516-790e59239aeb', now(), true, 'admin', '2064', 'Akdeniz', '7cb95db1-d6ce-46c8-bb64-b4a2bde6ec94'),
                                                                                                ('2ca8157a-db97-4cb0-8f04-e3e01d3f1ec1', now(), true, 'admin', '2080', 'Antakya', '1dd83c7e-ab4f-4f40-a162-a78926b902a9'),
                                                                                                ('2caa2f48-12d3-4489-81b1-8443f8841cb1', now(), true, 'admin', '1846', 'Talas', '2b8c542c-ae0c-4f0b-b76c-9dc50e45e925'),
                                                                                                ('2cb3f605-8214-4fa5-a356-42e7d22fa386', now(), true, 'admin', '2036', 'Döşemealtı', 'ceb5916f-f5a3-4ec0-b118-7b12fb006167'),
                                                                                                ('2cc627c5-b088-4149-816f-55ae82eb5326', now(), true, 'admin', '1354', 'Gölbaşı / Adıyaman', '2f97c1fd-98a4-4bf7-a216-b153e942842d'),
                                                                                                ('2cff3140-7c78-49fd-829e-3358a0c95fab', now(), true, 'admin', '1215', 'Burdur Merkez', '0cb557a8-68f1-4163-86a1-baaa42dc3b86'),
                                                                                                ('2d22a3fd-0b9a-40b4-b956-8d62b2675500', now(), true, 'admin', '1983', 'Sarıveliler', '437f82b2-1449-4010-a56b-a85d1980044e'),
                                                                                                ('2d838814-2461-4beb-8df1-fc2991d55251', now(), true, 'admin', '1400', 'Ilgın', '87d4ea1c-afc9-44e7-8b41-f38975b46d57'),
                                                                                                ('2e56c09c-fafd-42a3-b6a2-29a5edaccae2', now(), true, 'admin', '2098', 'İpekyolu', 'f663ea33-1ed1-4dad-aece-91d208dd897e'),
                                                                                                ('2ebaa849-6307-4fd0-bed3-590f9ed80803', now(), true, 'admin', '1921', 'List<County> counties', '69453446-9fb4-4f17-8b53-760a6ab1413b'),
                                                                                                ('2ec5061d-7408-4a0b-8f9d-d6ae23505e0d', now(), true, 'admin', '2008', 'Damal', 'af147737-b09b-450a-8cd7-daaf96bc3734'),
                                                                                                ('2ec7e4fd-23a9-481e-8b1d-2f67ed5057d1', now(), true, 'admin', '1339', 'Gediz', '275b46c3-4fdc-4536-a19e-9f8a78cdaac9'),
                                                                                                ('2f71a671-7bac-4f44-9d7b-c253e8515d5b', now(), true, 'admin', '1155', 'Avanos', '908bc03c-894c-49c0-b6d5-8d9baebddadb'),
                                                                                                ('2f9dda4b-5064-4db0-a438-08cf2ec190b5', now(), true, 'admin', '2011', 'Karakoyunlu', 'b6476006-2c41-45ff-bbac-b42f1df07bf6'),
                                                                                                ('2ffc1af2-6818-40b1-a315-0b36e7a35f7f', now(), true, 'admin', '1817', 'Kızılırmak', '3ab6f8ce-f95a-416e-9aac-1b1c95b12a19'),
                                                                                                ('30cb2b2d-8f00-4f2f-a2d6-4ae54bc33839', now(), true, 'admin', '1908', 'Derepazarı', '18f869b9-9b88-42e2-989d-aa662a10dfbb'),
                                                                                                ('30d90c52-1151-4eaa-be40-f613f43b5e50', now(), true, 'admin', '1608', 'Savaştepe', 'df6aa2f0-8fa7-4aaa-ac83-25af2d868a6f'),
                                                                                                ('312bfa00-950a-4374-bafc-75f3ee38b9bf', now(), true, 'admin', '1901', 'Çelebi', 'b8864e0c-4536-4890-91aa-6ec0a5bd50c8'),
                                                                                                ('312c64f5-2a26-495e-8bd2-dbbec96ac16a', now(), true, 'admin', '1261', 'Çukurca', 'e664968b-2c41-4182-931b-33a31a803075'),
                                                                                                ('314fbd3d-18fa-4019-9c99-38221c178509', now(), true, 'admin', '1699', 'Uluborlu', '2ead4855-70a0-4a13-a9a0-d8340d1e47e1'),
                                                                                                ('31516a15-640b-42ff-8be8-2c92063bc717', now(), true, 'admin', '1567', 'Pasinler', 'e3ef4335-8701-49db-a6ff-f684b7a4ec5b'),
                                                                                                ('31960afc-8fe9-4761-bf60-bf1229dac93e', now(), true, 'admin', '1987', 'Sulusaray', 'b70f3931-2dac-4356-9fc6-2c8fdb0ca9ee'),
                                                                                                ('31968dea-39df-49d2-bc72-d96d2797bd38', now(), true, 'admin', '1440', 'Karamürsel', 'cd3a6d99-e343-45bf-94d9-d7306b56c702'),
                                                                                                ('31ab36c7-020b-4d07-8783-bb0f950bbfb7', now(), true, 'admin', '1433', 'Karabük Merkez', '4ab8c138-9267-446d-acc6-2da09d2e8184'),
                                                                                                ('31c7571d-f6c7-49d2-acd0-e580b75eeba7', now(), true, 'admin', '1745', 'Keçiören', '1cf6df63-55b6-4ad9-98be-5371641e8808'),
                                                                                                ('31cb9036-c1b7-4e64-a2f0-d59690472edb', now(), true, 'admin', '1766', 'Aydıncık / Mersin', '7cb95db1-d6ce-46c8-bb64-b4a2bde6ec94'),
                                                                                                ('322ea970-15f1-4543-8c03-342a96a2cf82', now(), true, 'admin', '1250', 'Çerkezköy', '2f750ca6-74fb-40a5-a21d-7c1b612c82b6'),
                                                                                                ('3271b4c4-1c52-43a0-bb69-0aefea86f7ef', now(), true, 'admin', '1414', 'İskilip', '2847375f-0a57-4302-9ab9-78f6eb3892de'),
                                                                                                ('327d4fa6-8507-4578-8a01-a10ef512524f', now(), true, 'admin', '1850', 'Uğurludağ', '2847375f-0a57-4302-9ab9-78f6eb3892de'),
                                                                                                ('32954b5d-85dd-4db3-96cf-ef02949066c8', now(), true, 'admin', '1918', 'Edremit / Van', 'f663ea33-1ed1-4dad-aece-91d208dd897e'),
                                                                                                ('32a39143-06bf-4c7a-8c94-508833b50eb2', now(), true, 'admin', '2082', 'Defne', '1dd83c7e-ab4f-4f40-a162-a78926b902a9'),
                                                                                                ('32a6ac89-6f14-4217-a041-3049b6f333f8', now(), true, 'admin', '1950', 'Kabadüz', '2c26531b-f6b8-4bee-9902-6fa08fb9ae92'),
                                                                                                ('333b997a-f449-4870-b875-badc4c29b8d1', now(), true, 'admin', '1693', 'Türkeli', '55666a29-30e4-431f-9fa1-a63a7b26c635'),
                                                                                                ('33603902-63bd-4e5d-b12a-b5b16a21563c', now(), true, 'admin', '1913', 'Doğanşar', '82f54b55-2807-423e-80fe-b78e2fc02e35'),
                                                                                                ('33d0a4a9-f661-4330-9d99-4ed04e1a443a', now(), true, 'admin', '1738', 'Zara', '82f54b55-2807-423e-80fe-b78e2fc02e35'),
                                                                                                ('345b7277-29b9-439a-9976-fea0c1481ee6', now(), true, 'admin', '1165', 'Bahçe', '2745821e-f1d7-492c-bba6-6238bdd1ea59'),
                                                                                                ('34795a03-e0df-44dd-9ea6-e32df572465c', now(), true, 'admin', '1816', 'Kemer / Burdur', '0cb557a8-68f1-4163-86a1-baaa42dc3b86'),
                                                                                                ('34b500ed-a37b-42b3-94e6-56145f3bec9e', now(), true, 'admin', '1483', 'Korkuteli', 'ceb5916f-f5a3-4ec0-b118-7b12fb006167'),
                                                                                                ('35110233-35d9-431f-b2af-6e76aa2b4758', now(), true, 'admin', '1349', 'Gerze', '55666a29-30e4-431f-9fa1-a63a7b26c635'),
                                                                                                ('352bfefd-3d11-4283-8cad-c1cedc421ee4', now(), true, 'admin', '1541', 'Nazımiye', '05e44c1d-1c5a-430b-be03-8463a401df25'),
                                                                                                ('35855aa5-63af-412d-965d-035553db31b1', now(), true, 'admin', '1447', 'Kars Merkez', 'd05db18c-9180-4c98-84d5-5f0539c8bdc5'),
                                                                                                ('35e4f6d6-af83-4369-9a0d-b8e8f91e3e51', now(), true, 'admin', '1929', 'Gönen / Isparta', '2ead4855-70a0-4a13-a9a0-d8340d1e47e1'),
                                                                                                ('3621a139-89f8-4e8a-9c74-c567f27abb4b', now(), true, 'admin', '1334', 'Foça', 'b7e8aeba-e1cd-4700-abb0-75aeb1bf0d4d'),
                                                                                                ('36680156-acfd-470f-b06b-69fc06c200de', now(), true, 'admin', '1720', 'Yavuzeli', '8660e01e-e703-4177-b85a-a596f689915d'),
                                                                                                ('36816c1a-4f04-4edf-bd6c-aaefce3245c0', now(), true, 'admin', '1176', 'Bayburt Merkez', '9720ec26-58e4-410a-91a7-5ca1f8c0713c'),
                                                                                                ('36a7e038-c042-4084-9187-4f00b3e848c5', now(), true, 'admin', '1102', 'Acıpayam', '5c6914ab-7594-43e7-856c-09d6dd9db9f6'),
                                                                                                ('36e6a9a6-b2e2-4b16-8d48-343a7d4eb3e1', now(), true, 'admin', '1487', 'Kozluk', '487a8650-a7d7-4eb9-8607-a86974dbf17a'),
                                                                                                ('375b0025-1402-4e76-9c2c-9ff549dce034', now(), true, 'admin', '1911', 'Dodurga', '2847375f-0a57-4302-9ab9-78f6eb3892de'),
                                                                                                ('3777c5bc-5b82-4389-b399-be03bfa17d57', now(), true, 'admin', '1682', 'Torbalı', 'b7e8aeba-e1cd-4700-abb0-75aeb1bf0d4d'),
                                                                                                ('380175d8-6176-4c86-80b5-44113659a4c6', now(), true, 'admin', '2054', 'Sancaktepe', '34f4c2dd-8a3d-405a-96ef-e84b3ee2d9f9'),
                                                                                                ('380a3342-5bc2-4ac4-9f0f-2dc6462608cd', now(), true, 'admin', '1717', 'Yalvaç', '2ead4855-70a0-4a13-a9a0-d8340d1e47e1'),
                                                                                                ('3813f4f6-f0d7-4491-b8d4-02a3d95fa93d', now(), true, 'admin', '1257', 'Çivril', '5c6914ab-7594-43e7-856c-09d6dd9db9f6'),
                                                                                                ('3844eef6-e23c-46be-bc49-95864d7a5074', now(), true, 'admin', '1148', 'Arguvan', '016a347b-e9d9-4be6-a207-40ff1dc98300'),
                                                                                                ('38eed650-fbba-4085-bbf0-6dad2e0ed026', now(), true, 'admin', '1866', 'Sarıyahşi', '69453446-9fb4-4f17-8b53-760a6ab1413b'),
                                                                                                ('39147326-1060-4073-b86b-9355364a778f', now(), true, 'admin', '1128', 'Aliağa', 'b7e8aeba-e1cd-4700-abb0-75aeb1bf0d4d'),
                                                                                                ('39880f37-dddc-4edd-9155-4414102d6c70', now(), true, 'admin', '1855', 'Yayladere', '55c00e8d-3b38-439b-ae7f-3f1992ecb596'),
                                                                                                ('39ae380c-b2cd-407a-9c3d-98cc729bac73', now(), true, 'admin', '1306', 'Emirdağ', 'dc2897db-7d15-4cc8-9df8-865344f0072a'),
                                                                                                ('39fd5e4c-7fa2-4e2e-b9ea-fd5597cc4542', now(), true, 'admin', '2038', 'Konyaaltı', 'ceb5916f-f5a3-4ec0-b118-7b12fb006167'),
                                                                                                ('3ac84c45-8c6b-45a8-a16e-d1eb391575fc', now(), true, 'admin', '2063', 'Kartepe', 'cd3a6d99-e343-45bf-94d9-d7306b56c702'),
                                                                                                ('3ad963d6-70fd-4224-bf65-d07ef343563c', now(), true, 'admin', '1490', 'Kulp', 'a51345f3-5d54-4ddc-8539-35acd29b8c7f'),
                                                                                                ('3afa0d42-aa52-47e8-9cf2-f24b76d9d467', now(), true, 'admin', '1307', 'Enez', '97ddd116-c15d-4021-a4c4-aacfa21287b7'),
                                                                                                ('3b333c95-5f3c-4033-8d11-4564407e25ee', now(), true, 'admin', '1410', 'İnebolu', 'b5b161bf-a578-4201-ad02-c3bafe581812'),
                                                                                                ('3b3936ab-e782-4837-a705-c0635ca72a18', now(), true, 'admin', '2037', 'Kepez', 'ceb5916f-f5a3-4ec0-b118-7b12fb006167'),
                                                                                                ('3b5e5eaf-e6fa-47ff-9f24-f5b09ecffa77', now(), true, 'admin', '2056', 'Bayraklı', 'b7e8aeba-e1cd-4700-abb0-75aeb1bf0d4d'),
                                                                                                ('3c22e005-d8a7-4edf-b0ac-b1fd289f10b4', now(), true, 'admin', '1275', 'Develi', '2b8c542c-ae0c-4f0b-b76c-9dc50e45e925'),
                                                                                                ('3c743ef1-03ec-40b5-824d-20a46454182f', now(), true, 'admin', '1638', 'Sulakyurt', 'b8864e0c-4536-4890-91aa-6ec0a5bd50c8'),
                                                                                                ('3c843fed-4340-4b20-813d-e6859bb282fa', now(), true, 'admin', '1545', 'Niksar', 'b70f3931-2dac-4356-9fc6-2c8fdb0ca9ee'),
                                                                                                ('3cf78664-bf3d-4a34-9c1f-b602b9d8f92a', now(), true, 'admin', '1251', 'Çeşme', 'b7e8aeba-e1cd-4700-abb0-75aeb1bf0d4d'),
                                                                                                ('3d1da51c-c110-4baa-9222-8a35a6a268c0', now(), true, 'admin', '1397', 'Hozat', '05e44c1d-1c5a-430b-be03-8463a401df25'),
                                                                                                ('3d29c477-c86d-4712-960d-5d5cdfa70c99', now(), true, 'admin', '1818', 'Kocaali', '464be00b-842e-4967-b604-fce3f23240f8'),
                                                                                                ('3dd365e0-9c7c-4812-bdb6-a04160f0ac10', now(), true, 'admin', '1588', 'Saimbeyli', '15f5e6a3-6db0-418f-a7e7-85a6578816a6'),
                                                                                                ('3e094530-d20b-46f7-9556-0c76392c4e89', now(), true, 'admin', '1531', 'Mudurnu', 'a7aec2a1-1368-48df-9f4e-43f8d6dd66a4'),
                                                                                                ('3e99aad9-0232-416e-94bf-571608218a6d', now(), true, 'admin', '1851', 'Uzundere', 'e3ef4335-8701-49db-a6ff-f684b7a4ec5b'),
                                                                                                ('3fbd86d0-d1d7-47ff-97e9-4f91f0742129', now(), true, 'admin', '1336', 'Gaziosmanpaşa', '34f4c2dd-8a3d-405a-96ef-e84b3ee2d9f9'),
                                                                                                ('3fcf4ad2-7a61-450f-9ff4-f040f53838c9', now(), true, 'admin', '1940', 'Hanönü', 'b5b161bf-a578-4201-ad02-c3bafe581812'),
                                                                                                ('3fd6601e-e6ea-4529-8892-a5a402287f9b', now(), true, 'admin', '1804', 'Hüyük', '87d4ea1c-afc9-44e7-8b41-f38975b46d57'),
                                                                                                ('3fd87819-ff68-4217-b322-11f98ca6c1d6', now(), true, 'admin', '1142', 'Aralık', 'b6476006-2c41-45ff-bbac-b42f1df07bf6'),
                                                                                                ('3fdbdcd5-a326-4d26-9d5b-12c31986c896', now(), true, 'admin', '1131', 'Altınözü', '1dd83c7e-ab4f-4f40-a162-a78926b902a9'),
                                                                                                ('4045c824-75c0-44b3-ad5d-f826d6ba384f', now(), true, 'admin', '1770', 'Bahçesaray', 'f663ea33-1ed1-4dad-aece-91d208dd897e'),
                                                                                                ('40c84827-fa31-4786-92df-2880a9c966ff', now(), true, 'admin', '1288', 'Domaniç', '275b46c3-4fdc-4536-a19e-9f8a78cdaac9'),
                                                                                                ('4138df94-be19-45a9-ba06-c7d7a3648bb7', now(), true, 'admin', '1466', 'Kıbrıscık', 'a7aec2a1-1368-48df-9f4e-43f8d6dd66a4'),
                                                                                                ('41690d03-5ff6-4738-bc3f-451ac874b93a', now(), true, 'admin', '1121', 'Akseki', 'ceb5916f-f5a3-4ec0-b118-7b12fb006167'),
                                                                                                ('417d3cd3-61c2-4901-a3fa-9e71109a1ad3', now(), true, 'admin', '2065', 'Mezitli', '7cb95db1-d6ce-46c8-bb64-b4a2bde6ec94'),
                                                                                                ('41be5b71-a544-4f7d-b250-0bf4f8193434', now(), true, 'admin', '1790', 'Dumlupınar', '275b46c3-4fdc-4536-a19e-9f8a78cdaac9'),
                                                                                                ('429a4af2-67d5-4ba7-8b74-c90ea9dea5e6', now(), true, 'admin', '1590', 'Salihli', '7543d468-a218-433e-ba10-93c14d94bc64'),
                                                                                                ('42a6905f-2bfd-4d34-bec6-488fd51b6aaa', now(), true, 'admin', '1195', 'Bismil', 'a51345f3-5d54-4ddc-8539-35acd29b8c7f'),
                                                                                                ('42e208d0-eb74-4fff-b496-4b37bec70853', now(), true, 'admin', '1579', 'Posof', 'af147737-b09b-450a-8cd7-daaf96bc3734'),
                                                                                                ('42eba245-bb04-41f0-b641-5e6ed5acf039', now(), true, 'admin', '1439', 'Karaman Merkez', '437f82b2-1449-4010-a56b-a85d1980044e'),
                                                                                                ('431d3065-2668-43ac-8149-d869877bd8d5', now(), true, 'admin', '2006', 'Balçova', 'b7e8aeba-e1cd-4700-abb0-75aeb1bf0d4d'),
                                                                                                ('431ee3e8-fda3-4219-82d6-6026b7a04320', now(), true, 'admin', '1162', 'Azdavay', 'b5b161bf-a578-4201-ad02-c3bafe581812'),
                                                                                                ('438451a1-21cc-48e5-8e86-e089efbaf8a9', now(), true, 'admin', '1471', 'Kırklareli Merkez', '5bfc4bf2-a1ed-47f5-b091-7ab1491c1de3'),
                                                                                                ('44c36fdd-d5b0-4d83-94df-b104a455d46b', now(), true, 'admin', '2091', 'Eyyübiye', '62cd7de3-8dbd-4c36-935b-5efe32ca5b02'),
                                                                                                ('44dc8139-368d-4c74-81ef-74fdb2c068db', now(), true, 'admin', '1488', 'Köyceğiz', 'cedcd207-df47-4e57-b1a9-bea2d80158f7'),
                                                                                                ('44f4a9fb-a83d-4712-936a-6803128d30b8', now(), true, 'admin', '1313', 'Ereğli / Zonguldak', '520dbbcf-0e0b-4bbc-8910-13c5dc48f4b4'),
                                                                                                ('457c6955-ebff-48f1-a69a-e2f2c1be509b', now(), true, 'admin', '1435', 'Karacasu', '194d1e63-67ce-463b-8495-9d24660740c7'),
                                                                                                ('458b9137-189a-419c-bbfa-20dfded9d0d2', now(), true, 'admin', '2014', 'Sultanbeyli', '34f4c2dd-8a3d-405a-96ef-e84b3ee2d9f9'),
                                                                                                ('45b2da0f-e6c7-4866-88c6-0316ddb18cb6', now(), true, 'admin', '2049', 'Ataşehir', '34f4c2dd-8a3d-405a-96ef-e84b3ee2d9f9'),
                                                                                                ('465b977e-f815-4a15-913e-58ba4a8bdd8f', now(), true, 'admin', '1152', 'Artvin Merkez', '9c6403c4-0d5a-40e4-8c1a-b7a437e89955'),
                                                                                                ('466aab94-4021-4e25-a034-dd1be9d753d6', now(), true, 'admin', '1227', 'Çamlıdere', '1cf6df63-55b6-4ad9-98be-5371641e8808'),
                                                                                                ('46adbe84-8dba-47ac-b353-efe2913e043f', now(), true, 'admin', '1206', 'Bozdoğan', '194d1e63-67ce-463b-8495-9d24660740c7'),
                                                                                                ('46db75b7-9520-40f0-b441-95f6eeec40b6', now(), true, 'admin', '1220', 'Ceylanpınar', '62cd7de3-8dbd-4c36-935b-5efe32ca5b02'),
                                                                                                ('4707e1d0-9fef-4dd0-9598-196022e69633', now(), true, 'admin', '1375', 'Hadim', '87d4ea1c-afc9-44e7-8b41-f38975b46d57'),
                                                                                                ('4711254f-f90e-443b-9993-720a4634dfec', now(), true, 'admin', '1502', 'Lalapaşa', '97ddd116-c15d-4021-a4c4-aacfa21287b7'),
                                                                                                ('47c1aad0-22c7-4261-83fb-7b5a26c20006', now(), true, 'admin', '1854', 'Yağlıdere', 'f67e8a4e-95f7-4e6b-9c60-5413828ed905'),
                                                                                                ('47ed2290-9f68-43fb-9589-43ca0d84d1bb', now(), true, 'admin', '1318', 'Erzincan Merkez', 'e7b54856-5ba3-46ac-a163-7f7dc4c89c1d'),
                                                                                                ('4817d90f-f9c4-4501-8ea8-8c2156ba35ed', now(), true, 'admin', '1757', 'Aladağ', '15f5e6a3-6db0-418f-a7e7-85a6578816a6'),
                                                                                                ('483157e1-72cb-4806-81bb-72a57bc7a846', now(), true, 'admin', '1225', 'Çamardı', 'b116d124-b5c6-4059-9cf7-3f66ef8b041f'),
                                                                                                ('489b1fc9-4c31-4d12-a105-c9d4517f363f', now(), true, 'admin', 'Name', 'Şavşat', '9c6403c4-0d5a-40e4-8c1a-b7a437e89955'),
                                                                                                ('48c9fc0b-b4ca-4025-8320-eb51b637c885', now(), true, 'admin', '1235', 'Çat', 'e3ef4335-8701-49db-a6ff-f684b7a4ec5b'),
                                                                                                ('48cc6775-814a-43ad-81d7-a9761d7007c3', now(), true, 'admin', '1212', 'Bulancak', 'f67e8a4e-95f7-4e6b-9c60-5413828ed905'),
                                                                                                ('48d4a79a-6273-4f4b-b807-b16298dbc791', now(), true, 'admin', '1656', 'Şemdinli', 'e664968b-2c41-4182-931b-33a31a803075'),
                                                                                                ('4942497c-3c80-4123-8675-0008e859f5a8', now(), true, 'admin', '1229', 'Çan', 'a23e8955-cb52-439e-9e92-44ffd3a70cff'),
                                                                                                ('49e1970d-96b3-4edc-8ab8-7f8b1b1188b4', now(), true, 'admin', '1722', 'Yenice / Çanakkale', 'a23e8955-cb52-439e-9e92-44ffd3a70cff'),
                                                                                                ('4a11e7e7-2ac7-466b-ae45-b5c3c0300f3d', now(), true, 'admin', '1611', 'Seferihisar', 'b7e8aeba-e1cd-4700-abb0-75aeb1bf0d4d'),
                                                                                                ('4a7948a9-f2aa-4186-b183-f601f63cbc54', now(), true, 'admin', '1591', 'Samandağ', '1dd83c7e-ab4f-4f40-a162-a78926b902a9'),
                                                                                                ('4abcc0b6-1328-4f66-8cb5-6f8946894de9', now(), true, 'admin', '1556', 'Ortaköy / Çorum', '2847375f-0a57-4302-9ab9-78f6eb3892de'),
                                                                                                ('4b3d1488-8781-47d5-a9dd-d71ef601f8f3', now(), true, 'admin', '1793', 'Gölmarmara', '7543d468-a218-433e-ba10-93c14d94bc64'),
                                                                                                ('4b46504d-8294-4da9-9efe-74568e52e098', now(), true, 'admin', '1575', 'Pervari', 'd0476241-34f1-4791-bc09-aa2bfa5a3ec1'),
                                                                                                ('4b78fe7e-07f8-43fb-9839-c9ecefac8d24', now(), true, 'admin', '2035', 'Aksu / Antalya', 'ceb5916f-f5a3-4ec0-b118-7b12fb006167'),
                                                                                                ('4bd39ee7-38fa-4754-8bc8-bf9b1c446904', now(), true, 'admin', '1362', 'Gördes', '7543d468-a218-433e-ba10-93c14d94bc64'),
                                                                                                ('4c2c26d4-c560-4960-8c71-72d6ea5a817d', now(), true, 'admin', '1463', 'Keskin', 'b8864e0c-4536-4890-91aa-6ec0a5bd50c8'),
                                                                                                ('4c490ddb-9346-4748-a6e9-7fc42094e564', now(), true, 'admin', '1104', 'Seyhan', '15f5e6a3-6db0-418f-a7e7-85a6578816a6'),
                                                                                                ('4c827ee1-a759-44ca-82ec-b1cdaeb32c27', now(), true, 'admin', '1264', 'Daday', 'b5b161bf-a578-4201-ad02-c3bafe581812'),
                                                                                                ('4d067440-41bf-4de4-bb81-b8f8964b26ef', now(), true, 'admin', '1574', 'Pertek', '05e44c1d-1c5a-430b-be03-8463a401df25'),
                                                                                                ('4da3a076-7327-4f55-b1b1-e7f2dde92fba', now(), true, 'admin', '1348', 'Germencik', '194d1e63-67ce-463b-8495-9d24660740c7'),
                                                                                                ('4deb481c-09e6-463c-9da9-8488660f560b', now(), true, 'admin', '1863', 'Kocasinan', '2b8c542c-ae0c-4f0b-b76c-9dc50e45e925'),
                                                                                                ('4e92de9b-d9d3-42eb-bc60-97933f517f81', now(), true, 'admin', '1550', 'Oltu', 'e3ef4335-8701-49db-a6ff-f684b7a4ec5b'),
                                                                                                ('4eaef024-ea81-4c9e-9e18-532ef7252b5f', now(), true, 'admin', '2007', 'Çiğli', 'b7e8aeba-e1cd-4700-abb0-75aeb1bf0d4d'),
                                                                                                ('4ecc8ce5-d7ac-486f-b055-1dea58d50146', now(), true, 'admin', '1680', 'Tomarza', '2b8c542c-ae0c-4f0b-b76c-9dc50e45e925'),
                                                                                                ('4f8bd16f-cb9c-47a7-9826-3d74a4b05c06', now(), true, 'admin', '1390', 'Hekimhan', '016a347b-e9d9-4be6-a207-40ff1dc98300'),
                                                                                                ('4fe4f3e8-3afa-43e4-a7ae-92b33b0734ca', now(), true, 'admin', '1795', 'Gülyalı', '2c26531b-f6b8-4bee-9902-6fa08fb9ae92'),
                                                                                                ('503b521d-f4e9-4e8c-833d-7526cbfc4804', now(), true, 'admin', '2078', 'Karesi', 'df6aa2f0-8fa7-4aaa-ac83-25af2d868a6f'),
                                                                                                ('5045c438-0c61-4590-b35d-61d2fd0cee00', now(), true, 'admin', '1967', 'Köprüköy', 'e3ef4335-8701-49db-a6ff-f684b7a4ec5b'),
                                                                                                ('507d0329-8705-411d-9a88-cf09f8cbb77f', now(), true, 'admin', '1914', 'Doğanyol', '016a347b-e9d9-4be6-a207-40ff1dc98300'),
                                                                                                ('50961183-15fb-42ab-a8e0-b932996e91d3', now(), true, 'admin', '2084', 'Dulkadiroğlu', 'cc706c0b-5e49-440d-88bb-fc21391b2d12'),
                                                                                                ('50966f34-0672-4517-9545-f1c5d34803f0', now(), true, 'admin', '1437', 'Karaisalı', '15f5e6a3-6db0-418f-a7e7-85a6578816a6'),
                                                                                                ('50b14783-0269-4082-810b-4c5ac73d8da0', now(), true, 'admin', '1627', 'Sinop Merkez', '55666a29-30e4-431f-9fa1-a63a7b26c635'),
                                                                                                ('511b69e6-3500-4c05-bf64-372fa303a5dd', now(), true, 'admin', '2042', 'Sur', 'a51345f3-5d54-4ddc-8539-35acd29b8c7f'),
                                                                                                ('5189d34f-2700-41a8-86ff-6d3754cce4f5', now(), true, 'admin', '1259', 'Çorum Merkez', '2847375f-0a57-4302-9ab9-78f6eb3892de'),
                                                                                                ('51ea5820-133d-4990-b063-e81580436f4a', now(), true, 'admin', '1721', 'Yayladağı', '1dd83c7e-ab4f-4f40-a162-a78926b902a9'),
                                                                                                ('52647534-0a81-486f-92bb-5091912c0c63', now(), true, 'admin', '1511', 'Malkara', '2f750ca6-74fb-40a5-a21d-7c1b612c82b6'),
                                                                                                ('52d9937f-106c-41d5-9a13-4db035eebb64', now(), true, 'admin', '1622', 'Silivri', '34f4c2dd-8a3d-405a-96ef-e84b3ee2d9f9'),
                                                                                                ('52e71795-b3ab-4e66-b9ca-da01ba840d02', now(), true, 'admin', '1879', 'Ayvacık / Samsun', 'b1569112-749c-4811-9675-1a8c7e84c16e'),
                                                                                                ('535d793f-c400-46b0-8303-084dfd2e86e0', now(), true, 'admin', '1626', 'Sinanpaşa', 'dc2897db-7d15-4cc8-9df8-865344f0072a'),
                                                                                                ('537369db-f8db-4bdc-81bf-c258b3643e69', now(), true, 'admin', '1441', 'Karapınar', '87d4ea1c-afc9-44e7-8b41-f38975b46d57'),
                                                                                                ('53f81e6b-b542-4826-bcea-cd9f6d172f90', now(), true, 'admin', '1413', 'İskenderun', '1dd83c7e-ab4f-4f40-a162-a78926b902a9'),
                                                                                                ('554d788b-f22f-4308-accb-02fdb97d8ee5', now(), true, 'admin', '1377', 'Hakkari Merkez', 'e664968b-2c41-4182-931b-33a31a803075'),
                                                                                                ('5629689a-a829-4a76-aec9-38b09574ff2c', now(), true, 'admin', '1577', 'Pınarhisar', '5bfc4bf2-a1ed-47f5-b091-7ab1491c1de3'),
                                                                                                ('5660d61c-403e-4680-997d-8c5dc7e39ca3', now(), true, 'admin', '1540', 'Narman', 'e3ef4335-8701-49db-a6ff-f684b7a4ec5b'),
                                                                                                ('569d9c8d-aa6e-4647-849b-6a7a7a9884a9', now(), true, 'admin', '1420', 'İznik', '44036c7e-a870-4d21-832f-15833fb7d2d9'),
                                                                                                ('573ccb89-59df-40cb-92b4-08d65e87a037', now(), true, 'admin', '1160', 'Ayvacık / Çanakkale', 'a23e8955-cb52-439e-9e92-44ffd3a70cff'),
                                                                                                ('5767a9b3-9d6b-41e0-88cd-d650a0f8a7fa', now(), true, 'admin', '1602', 'Sarıkaya', 'e11a9ec5-5e4d-40a3-9e4c-93d1b6a7bdb1'),
                                                                                                ('5781d57d-81b0-4d2d-aebb-f05549b27d67', now(), true, 'admin', '1867', 'Ağlı', 'b5b161bf-a578-4201-ad02-c3bafe581812'),
                                                                                                ('57aa6543-e59f-41b6-8057-e56714fe1070', now(), true, 'admin', '1456', 'Keçiborlu', '2ead4855-70a0-4a13-a9a0-d8340d1e47e1'),
                                                                                                ('5805a22e-f628-41ae-a6ad-f4425216254e', now(), true, 'admin', '1510', 'Malazgirt', '8b475617-e5ad-449a-8fdd-f0e38f5beecb'),
                                                                                                ('582cbb22-cf6c-46a0-ac97-19011d456a3e', now(), true, 'admin', '1185', 'Beykoz', '34f4c2dd-8a3d-405a-96ef-e84b3ee2d9f9'),
                                                                                                ('590eec13-e6f2-40cd-96b3-dbae8c973caf', now(), true, 'admin', '1639', 'Sultandağı', 'dc2897db-7d15-4cc8-9df8-865344f0072a'),
                                                                                                ('5928f709-e0c1-4d19-9cc1-beeed6d839e3', now(), true, 'admin', '1408', 'Gökçeada', 'a23e8955-cb52-439e-9e92-44ffd3a70cff'),
                                                                                                ('5a615a49-93f3-4f1a-a7a4-060127b16e8f', now(), true, 'admin', '1808', 'İnönü', 'e5a89741-4891-47db-a1db-f405ed5615c1'),
                                                                                                ('5ab610b6-03df-4c56-8488-bb4c48a2c64b', now(), true, 'admin', '1958', 'Kavaklıdere', 'cedcd207-df47-4e57-b1a9-bea2d80158f7'),
                                                                                                ('5ac80e65-97be-4d6a-b51e-0c6a6564c087', now(), true, 'admin', '1493', 'Kumru', '2c26531b-f6b8-4bee-9902-6fa08fb9ae92'),
                                                                                                ('5aca790a-b2ab-4461-9887-05163b7a73df', now(), true, 'admin', '2044', 'Palandöken', 'e3ef4335-8701-49db-a6ff-f684b7a4ec5b'),
                                                                                                ('5acf39d5-64b9-40e9-9b96-c99de0fed09e', now(), true, 'admin', '1572', 'Pehlivanköy', '5bfc4bf2-a1ed-47f5-b091-7ab1491c1de3'),
                                                                                                ('5b270765-bbb7-4c13-991d-aec12c87cab1', now(), true, 'admin', '1116', 'Akçakoca', '7b34906e-9163-426c-b8f4-77b51a3b5b5f'),
                                                                                                ('5b590fb6-57d5-4052-839a-49e72f451a90', now(), true, 'admin', '1578', 'Polatlı', '1cf6df63-55b6-4ad9-98be-5371641e8808'),
                                                                                                ('5b5ce2a7-0b91-47cb-96d6-2ab28c60b797', now(), true, 'admin', '1475', 'Kiğı', '55c00e8d-3b38-439b-ae7f-3f1992ecb596'),
                                                                                                ('5b921cf2-a0f1-4ebc-afb3-4dc9d1e111b9', now(), true, 'admin', '1636', 'Söğüt', '41f3806f-d604-4a0e-a7ba-626cb5ac5584'),
                                                                                                ('5bb66d12-eef2-41ee-a2d7-053bcf830997', now(), true, 'admin', '1692', 'Tuzluca', 'b6476006-2c41-45ff-bbac-b42f1df07bf6'),
                                                                                                ('5bd8f4e5-de4d-4437-80ec-c5f029cf03d4', now(), true, 'admin', '2070', 'Erenler', '464be00b-842e-4967-b604-fce3f23240f8'),
                                                                                                ('5c2ad7b6-6911-4f09-b45f-166ee7754d20', now(), true, 'admin', '1406', 'İliç', 'e7b54856-5ba3-46ac-a163-7f7dc4c89c1d'),
                                                                                                ('5c5a2db2-6ba7-46c8-b9be-553690d87fef', now(), true, 'admin', '1448', 'Karşıyaka', 'b7e8aeba-e1cd-4700-abb0-75aeb1bf0d4d'),
                                                                                                ('5c5b2cd1-f8ac-47e9-ab70-043e7a776a71', now(), true, 'admin', '1955', 'Karapürçek', '464be00b-842e-4967-b604-fce3f23240f8'),
                                                                                                ('5c7c329a-b354-4e14-83db-2efc200abed6', now(), true, 'admin', '1719', 'Yatağan', 'cedcd207-df47-4e57-b1a9-bea2d80158f7'),
                                                                                                ('5cc49be3-6b4e-4355-b80f-8fc49e396b0b', now(), true, 'admin', '1671', 'Tavşanlı', '275b46c3-4fdc-4536-a19e-9f8a78cdaac9'),
                                                                                                ('5d4db35d-e2c8-4c8b-bdd4-710f7a3e6259', now(), true, 'admin', '1428', 'Kalkandere', '18f869b9-9b88-42e2-989d-aa662a10dfbb'),
                                                                                                ('5d94a8ee-1fc9-46f2-bf8e-d15d0cca05c8', now(), true, 'admin', '1204', 'Boyabat', '55666a29-30e4-431f-9fa1-a63a7b26c635'),
                                                                                                ('5ddb46ca-00f6-46e1-a0eb-2bd223dd7853', now(), true, 'admin', '2012', 'Maltepe', '34f4c2dd-8a3d-405a-96ef-e84b3ee2d9f9'),
                                                                                                ('5e21457c-e1c6-4412-b674-c44afe42d60d', now(), true, 'admin', '1555', 'Orta', '3ab6f8ce-f95a-416e-9aac-1b1c95b12a19'),
                                                                                                ('5e21d55d-8e52-4679-a0ae-2525262d4dc0', now(), true, 'admin', '2067', 'Yenişehir / Mersin', '7cb95db1-d6ce-46c8-bb64-b4a2bde6ec94'),
                                                                                                ('5e567d12-fceb-44b9-a280-dc705859dc34', now(), true, 'admin', '1733', 'Yozgat Merkez', 'e11a9ec5-5e4d-40a3-9e4c-93d1b6a7bdb1'),
                                                                                                ('5e847cf7-e6b9-4eeb-b85b-395124df1d18', now(), true, 'admin', '1376', 'Hafik', '82f54b55-2807-423e-80fe-b78e2fc02e35'),
                                                                                                ('5ef6c346-1ae1-47a0-8913-2fa570408d51', now(), true, 'admin', '1403', 'İdil', 'a38b8e36-0d95-4594-9d88-3451a07c7b92'),
                                                                                                ('5f1294ef-7e7f-4087-a617-0345c49dacd5', now(), true, 'admin', '1989', 'Tut', '2f97c1fd-98a4-4bf7-a216-b153e942842d'),
                                                                                                ('5faa10b6-0ac8-4b59-96f4-c8c85d5f9024', now(), true, 'admin', '1108', 'Afyonkarahisar Merkez', 'dc2897db-7d15-4cc8-9df8-865344f0072a'),
                                                                                                ('60131795-0190-437b-aac4-3e7042f270d0', now(), true, 'admin', '1897', 'Çatalpınar', '2c26531b-f6b8-4bee-9902-6fa08fb9ae92'),
                                                                                                ('60bb7a00-9fb3-4e87-bc29-9005553f19fb', now(), true, 'admin', '1114', 'Akçadağ', '016a347b-e9d9-4be6-a207-40ff1dc98300'),
                                                                                                ('60bc44eb-151e-45a0-8adf-45a1de14cbdc', now(), true, 'admin', '1676', 'Terme', 'b1569112-749c-4811-9675-1a8c7e84c16e'),
                                                                                                ('60c02e30-773d-4ace-8411-76727598345a', now(), true, 'admin', '1951', 'Kabataş', '2c26531b-f6b8-4bee-9902-6fa08fb9ae92'),
                                                                                                ('60dcf070-93e4-4160-ae9b-5380e54e747e', now(), true, 'admin', '1443', 'Karataş', '15f5e6a3-6db0-418f-a7e7-85a6578816a6'),
                                                                                                ('611db37a-876f-485e-b38a-541560eae958', now(), true, 'admin', '1859', 'Yıldırım', '44036c7e-a870-4d21-832f-15833fb7d2d9'),
                                                                                                ('613f7f3a-9dc0-47b3-ba81-603d461526e3', now(), true, 'admin', '2034', 'Pursaklar', '1cf6df63-55b6-4ad9-98be-5371641e8808'),
                                                                                                ('61429109-548c-426c-8f5c-ad71e7551ec1', now(), true, 'admin', '1479', 'Koçarlı', '194d1e63-67ce-463b-8495-9d24660740c7'),
                                                                                                ('61469236-0810-4cef-a697-8a379fb6fdf5', now(), true, 'admin', '1664', 'Şuhut', 'dc2897db-7d15-4cc8-9df8-865344f0072a'),
                                                                                                ('616e5b84-95cb-4cfd-8a54-92e73e910b70', now(), true, 'admin', '1409', 'İncesu', '2b8c542c-ae0c-4f0b-b76c-9dc50e45e925'),
                                                                                                ('61828249-2188-473e-8f18-dd9ed79f446c', now(), true, 'admin', '1291', 'Dursunbey', 'df6aa2f0-8fa7-4aaa-ac83-25af2d868a6f'),
                                                                                                ('61ba3e1c-22fc-470f-9865-9b02b7b87c99', now(), true, 'admin', '1459', 'Kemah', 'e7b54856-5ba3-46ac-a163-7f7dc4c89c1d'),
                                                                                                ('61c5ac88-12cc-4c8c-bf3e-d3b70b7ba804', now(), true, 'admin', '1444', 'Karayazı', 'e3ef4335-8701-49db-a6ff-f684b7a4ec5b'),
                                                                                                ('61ca9b24-5183-43fd-a434-c28dcdcc18ea', now(), true, 'admin', '1777', 'Beylikova', 'e5a89741-4891-47db-a1db-f405ed5615c1'),
                                                                                                ('6204f45f-c8af-4c31-ad5e-8082832c97ec', now(), true, 'admin', '1199', 'Bolu Merkez', 'a7aec2a1-1368-48df-9f4e-43f8d6dd66a4'),
                                                                                                ('62958f08-d3d2-45de-99e3-b79e68db7193', now(), true, 'admin', '2033', 'Çukurova', '15f5e6a3-6db0-418f-a7e7-85a6578816a6'),
                                                                                                ('629deb59-58f6-45e8-89f5-9dd12780e67f', now(), true, 'admin', '1166', 'Bakırköy', '34f4c2dd-8a3d-405a-96ef-e84b3ee2d9f9'),
                                                                                                ('630a9854-1341-423b-9006-964a6c765430', now(), true, 'admin', '1729', 'Yeşilyurt / Malatya', '016a347b-e9d9-4be6-a207-40ff1dc98300'),
                                                                                                ('637557ba-8e02-4182-80ae-e006425b8e71', now(), true, 'admin', '1623', 'Silopi', 'a38b8e36-0d95-4594-9d88-3451a07c7b92'),
                                                                                                ('637eab86-f88b-4e91-9aa2-52fa93a4abea', now(), true, 'admin', '1234', 'Çarşamba', 'b1569112-749c-4811-9675-1a8c7e84c16e'),
                                                                                                ('63c87b5e-2d1c-4e79-9200-5074afff5719', now(), true, 'admin', '1712', 'Vezirköprü', 'b1569112-749c-4811-9675-1a8c7e84c16e'),
                                                                                                ('6464a9c1-e699-4fff-a38d-cfcabea674f6', now(), true, 'admin', '1925', 'Ferizli', '464be00b-842e-4967-b604-fce3f23240f8'),
                                                                                                ('6482644b-774a-4990-82dc-2b4dd6562013', now(), true, 'admin', '1823', 'Küçükçekmece', '34f4c2dd-8a3d-405a-96ef-e84b3ee2d9f9'),
                                                                                                ('64988d9a-2b5b-4471-878a-25aad5733441', now(), true, 'admin', '1143', 'Arapgir', '016a347b-e9d9-4be6-a207-40ff1dc98300'),
                                                                                                ('6533a9bb-bf58-4847-b378-e83e32a4941b', now(), true, 'admin', '2061', 'Dilovası', 'cd3a6d99-e343-45bf-94d9-d7306b56c702'),
                                                                                                ('66308a8e-4c6b-4034-a9ae-013dcd782f1a', now(), true, 'admin', '1645', 'Susuz', 'd05db18c-9180-4c98-84d5-5f0539c8bdc5'),
                                                                                                ('66412131-c89e-4868-ab75-65d7310ea361', now(), true, 'admin', '1465', 'Keşap', 'f67e8a4e-95f7-4e6b-9c60-5413828ed905'),
                                                                                                ('66df13e4-3183-4b1a-b1c4-d445fcfe1a8c', now(), true, 'admin', '1998', 'Yenifakılı', 'e11a9ec5-5e4d-40a3-9e4c-93d1b6a7bdb1'),
                                                                                                ('66fe1eba-5bf9-485e-8d03-c5452109264d', now(), true, 'admin', '1477', 'Kiraz', 'b7e8aeba-e1cd-4700-abb0-75aeb1bf0d4d'),
                                                                                                ('674465f5-1d4a-4603-ac7f-5003f1f1110d', now(), true, 'admin', '1843', 'Şaphane', '275b46c3-4fdc-4536-a19e-9f8a78cdaac9'),
                                                                                                ('67cabc03-ab08-4456-8368-246fe1ea4ea8', now(), true, 'admin', '1810', 'Kağıthane', '34f4c2dd-8a3d-405a-96ef-e84b3ee2d9f9'),
                                                                                                ('67fbe303-18bd-474d-91f4-947d6227ada3', now(), true, 'admin', '1709', 'Vakfıkebir', '3fdfe92e-f5ed-477b-876c-63b422f8ddbe'),
                                                                                                ('6857cb60-8e24-46af-9307-3ea8b4219d36', now(), true, 'admin', '1973', 'Mihalgazi', 'e5a89741-4891-47db-a1db-f405ed5615c1'),
                                                                                                ('685add90-c5da-47fe-b20d-e016bd7fa1da', now(), true, 'admin', '1245', 'Çekerek', 'e11a9ec5-5e4d-40a3-9e4c-93d1b6a7bdb1'),
                                                                                                ('686d4e2b-8e49-41a4-b240-2ea1f3725c1b', now(), true, 'admin', '1751', 'Ahmetli', '7543d468-a218-433e-ba10-93c14d94bc64'),
                                                                                                ('69160f48-2654-46e2-9176-e84a0fb6b53d', now(), true, 'admin', '1923', 'Evciler', 'dc2897db-7d15-4cc8-9df8-865344f0072a'),
                                                                                                ('6959702c-3941-4e8e-bd54-3c833702def0', now(), true, 'admin', '1149', 'Arpaçay', 'd05db18c-9180-4c98-84d5-5f0539c8bdc5'),
                                                                                                ('698bf9d5-bbd2-48d6-99dd-934394bb8a8f', now(), true, 'admin', '1233', 'Çardak', '5c6914ab-7594-43e7-856c-09d6dd9db9f6'),
                                                                                                ('69a18621-bb55-4809-8b6e-ffff77b43f52', now(), true, 'admin', '1248', 'Çerkeş', '3ab6f8ce-f95a-416e-9aac-1b1c95b12a19'),
                                                                                                ('6a066a8d-6682-4dc9-b6c5-acb4cd3da320', now(), true, 'admin', '1787', 'Dargeçit', 'b2ec6d71-2ded-48c5-8b9e-a7560f4311fe'),
                                                                                                ('6a4b95bc-7747-4a3e-93d6-609cdba91aa8', now(), true, 'admin', '1943', 'Hemşin', '18f869b9-9b88-42e2-989d-aa662a10dfbb'),
                                                                                                ('6aa9b45c-1e44-45f2-9dae-ac41df4e91fe', now(), true, 'admin', '1133', 'Alucra', 'f67e8a4e-95f7-4e6b-9c60-5413828ed905'),
                                                                                                ('6b111102-173c-4133-a772-5d23cc6e25b9', now(), true, 'admin', '1870', 'Akıncılar', '82f54b55-2807-423e-80fe-b78e2fc02e35'),
                                                                                                ('6b3d839c-2b62-41a6-a2bf-cc9200f921e5', now(), true, 'admin', '1966', 'Köprübaşı / Trabzon', '3fdfe92e-f5ed-477b-876c-63b422f8ddbe'),
                                                                                                ('6b9d5288-a357-45b7-af98-a0f400a44de2', now(), true, 'admin', '1416', 'İspir', 'e3ef4335-8701-49db-a6ff-f684b7a4ec5b'),
                                                                                                ('6c185d86-204d-4e7e-8f6f-15debae6f5e0', now(), true, 'admin', '1903', 'Çeltikçi', '0cb557a8-68f1-4163-86a1-baaa42dc3b86'),
                                                                                                ('6c1ee8bb-8888-4101-9c98-76fd71de5f99', now(), true, 'admin', '1788', 'Demirözü', '9720ec26-58e4-410a-91a7-5ca1f8c0713c'),
                                                                                                ('6cb72aac-46a4-42ca-8d6e-f338ed703fd2', now(), true, 'admin', '1763', 'Asarcık', 'b1569112-749c-4811-9675-1a8c7e84c16e'),
                                                                                                ('6d14c232-b193-4911-9f1c-bc7a7a2c6efd', now(), true, 'admin', '1183', 'Beşiktaş', '34f4c2dd-8a3d-405a-96ef-e84b3ee2d9f9'),
                                                                                                ('6d38df3e-bfb2-4b2c-bf12-0d4c5d7bb289', now(), true, 'admin', '1799', 'Harmancık', '44036c7e-a870-4d21-832f-15833fb7d2d9'),
                                                                                                ('6d5f7c7a-255a-4896-9c33-ad1b71646aaa', now(), true, 'admin', '1343', 'Gemlik', '44036c7e-a870-4d21-832f-15833fb7d2d9'),
                                                                                                ('6d77b11d-132c-4664-bc4f-39d05401ef18', now(), true, 'admin', '1554', 'Orhangazi', '44036c7e-a870-4d21-832f-15833fb7d2d9'),
                                                                                                ('6dafe357-c09a-47a3-b93c-81c1d2dd9c64', now(), true, 'admin', '1239', 'Çay', 'dc2897db-7d15-4cc8-9df8-865344f0072a'),
                                                                                                ('6e7edd4b-2fe0-49e9-b037-ec3c540390e6', now(), true, 'admin', '1494', 'Kurşunlu', '3ab6f8ce-f95a-416e-9aac-1b1c95b12a19'),
                                                                                                ('6eaa07aa-aae2-4221-b773-58a8d7f2c326', now(), true, 'admin', '1344', 'Genç', '55c00e8d-3b38-439b-ae7f-3f1992ecb596'),
                                                                                                ('6eaa400a-5f01-4ab1-80d3-c332d247c3c3', now(), true, 'admin', '1293', 'Eceabat', 'a23e8955-cb52-439e-9e92-44ffd3a70cff'),
                                                                                                ('6ef672f4-6724-4cae-84f5-c9df584dfa8c', now(), true, 'admin', '2077', 'Altıeylül', 'df6aa2f0-8fa7-4aaa-ac83-25af2d868a6f'),
                                                                                                ('6f96361c-0918-4fde-ad35-3dea439182af', now(), true, 'admin', '1784', 'Cumayeri', '7b34906e-9163-426c-b8f4-77b51a3b5b5f'),
                                                                                                ('6f9fc805-0d38-4461-a4d9-f3ff229b6254', now(), true, 'admin', '1861', 'Güzelyurt', '69453446-9fb4-4f17-8b53-760a6ab1413b'),
                                                                                                ('70336c8f-cf5e-4ea4-8116-22271981ee3d', now(), true, 'admin', '1457', 'Keles', '44036c7e-a870-4d21-832f-15833fb7d2d9'),
                                                                                                ('7051c23b-7904-4688-a3c7-8dbaf302fe60', now(), true, 'admin', '2083', 'Payas', '1dd83c7e-ab4f-4f40-a162-a78926b902a9'),
                                                                                                ('707eec74-e04a-40bd-8320-5953277e71ef', now(), true, 'admin', '2048', 'Arnavutköy', '34f4c2dd-8a3d-405a-96ef-e84b3ee2d9f9'),
                                                                                                ('7085b8af-26d0-4dd5-a819-69185f39c326', now(), true, 'admin', '1977', 'Otlukbeli', 'e7b54856-5ba3-46ac-a163-7f7dc4c89c1d'),
                                                                                                ('70b64019-c4a8-4978-888e-19a950fc4fa1', now(), true, 'admin', '1580', 'Pozantı', '15f5e6a3-6db0-418f-a7e7-85a6578816a6'),
                                                                                                ('70c39259-3ca9-4e14-87b6-94b3174b744c', now(), true, 'admin', '1883', 'Başçiftlik', 'b70f3931-2dac-4356-9fc6-2c8fdb0ca9ee'),
                                                                                                ('721961ff-ceb2-4b98-98bd-83bdaf530001', now(), true, 'admin', '1113', 'Akçaabat', '3fdfe92e-f5ed-477b-876c-63b422f8ddbe'),
                                                                                                ('72367543-48a4-446e-8138-d63a8356bcb9', now(), true, 'admin', '1819', 'Konak', 'b7e8aeba-e1cd-4700-abb0-75aeb1bf0d4d'),
                                                                                                ('7248214b-1105-4f3b-ba41-a2d475ff4acf', now(), true, 'admin', '1451', 'Kaş', 'ceb5916f-f5a3-4ec0-b118-7b12fb006167'),
                                                                                                ('724b8c1b-b55a-46cc-a2da-c12e55c141f9', now(), true, 'admin', '1632', 'Sivrihisar', 'e5a89741-4891-47db-a1db-f405ed5615c1'),
                                                                                                ('7250ea20-d9c3-43b1-906f-daf344da91cc', now(), true, 'admin', '1504', 'Lice', 'a51345f3-5d54-4ddc-8539-35acd29b8c7f'),
                                                                                                ('7270f6f3-ae64-42b7-83ec-58e16be445c1', now(), true, 'admin', '1340', 'Gelibolu', 'a23e8955-cb52-439e-9e92-44ffd3a70cff'),
                                                                                                ('72bbb96d-8618-45f6-b919-815badbf3156', now(), true, 'admin', '1292', 'Düzce Merkez', '7b34906e-9163-426c-b8f4-77b51a3b5b5f'),
                                                                                                ('72e7a35a-56ff-439a-8ba6-dc0454d67950', now(), true, 'admin', '1525', 'Mesudiye', '2c26531b-f6b8-4bee-9902-6fa08fb9ae92'),
                                                                                                ('73666f4e-024a-48f7-8b13-adb86cb900c4', now(), true, 'admin', '1613', 'Selendi', '7543d468-a218-433e-ba10-93c14d94bc64'),
                                                                                                ('736f475d-cf14-41b4-a727-9f81c4dcf04b', now(), true, 'admin', '1769', 'Babadağ', '5c6914ab-7594-43e7-856c-09d6dd9db9f6'),
                                                                                                ('739a63f7-1fb3-4c6b-8807-b2bfd9bea935', now(), true, 'admin', '1642', 'Sungurlu', '2847375f-0a57-4302-9ab9-78f6eb3892de'),
                                                                                                ('748c0486-fea7-4a3f-afff-179a2d9c36aa', now(), true, 'admin', '1379', 'Hamur', 'fb8652a5-023e-4f33-adb9-a7d044866fef'),
                                                                                                ('74965c87-06dd-48ac-8145-e47a089a0146', now(), true, 'admin', '1842', 'Şalpazarı', '3fdfe92e-f5ed-477b-876c-63b422f8ddbe'),
                                                                                                ('74e103a5-c884-463e-937e-7a112f36b04b', now(), true, 'admin', '1930', 'Güce', 'f67e8a4e-95f7-4e6b-9c60-5413828ed905'),
                                                                                                ('751fe32e-b298-422d-b7df-e4c1b2607d45', now(), true, 'admin', '1470', 'Kırkağaç', '7543d468-a218-433e-ba10-93c14d94bc64'),
                                                                                                ('75f41123-ac47-41dd-b0f1-8433b1d62d6e', now(), true, 'admin', '1762', 'Arıcak', '73100cdf-4383-4f40-80a8-801e2b8c17f6'),
                                                                                                ('761ec0fc-a100-41d3-9bee-9966ef83f5cc', now(), true, 'admin', '1881', 'Baklan', '5c6914ab-7594-43e7-856c-09d6dd9db9f6'),
                                                                                                ('7645b798-c321-44af-b387-a35b533ef2aa', now(), true, 'admin', '1273', 'Derik', 'b2ec6d71-2ded-48c5-8b9e-a7560f4311fe'),
                                                                                                ('76f89e7c-84de-4e5a-8281-e7a1339df6ee', now(), true, 'admin', '1824', 'Marmara', 'df6aa2f0-8fa7-4aaa-ac83-25af2d868a6f'),
                                                                                                ('770d320c-e53f-406c-8db8-e8d138ca98ed', now(), true, 'admin', '1614', 'Selim', 'd05db18c-9180-4c98-84d5-5f0539c8bdc5'),
                                                                                                ('772cb956-9a54-48c0-afca-baa79d220cd3', now(), true, 'admin', '1701', 'Ulus', '1d496757-ff1c-4a5f-8363-3675ebb39c37'),
                                                                                                ('7787afe4-a141-4fe5-a8ff-7413c61e627f', now(), true, 'admin', '2045', 'Yakutiye', 'e3ef4335-8701-49db-a6ff-f684b7a4ec5b'),
                                                                                                ('77c4dc75-8ad2-4c9a-bec4-61377d9a9e4b', now(), true, 'admin', '1236', 'Çatak', 'f663ea33-1ed1-4dad-aece-91d208dd897e'),
                                                                                                ('77d77c92-ca13-4971-9492-7f979719fee4', now(), true, 'admin', '1514', 'Manyas', 'df6aa2f0-8fa7-4aaa-ac83-25af2d868a6f'),
                                                                                                ('77e5f255-866d-4b04-9bbd-2815f9cd138c', now(), true, 'admin', '1754', 'Akpınar', 'd0aa24e9-aed7-48bc-89ef-c8189f2a8199'),
                                                                                                ('78624692-4ffc-4ce5-a6ac-b2f98dbc4684', now(), true, 'admin', '1688', 'Tunceli Merkez', '05e44c1d-1c5a-430b-be03-8463a401df25'),
                                                                                                ('7879d454-a115-423d-9c78-4d1afe59e114', now(), true, 'admin', '1893', 'Çamoluk', 'f67e8a4e-95f7-4e6b-9c60-5413828ed905'),
                                                                                                ('7881d922-e3c6-4fcb-8fe6-776624e21f98', now(), true, 'admin', '1500', 'Kütahya Merkez', '275b46c3-4fdc-4536-a19e-9f8a78cdaac9'),
                                                                                                ('788ba4a3-490e-435a-b451-f1a609140770', now(), true, 'admin', '1992', 'Yahşihan', 'b8864e0c-4536-4890-91aa-6ec0a5bd50c8'),
                                                                                                ('78d8f483-3dc0-40a9-b5ec-95d2fcd6e22c', now(), true, 'admin', '1864', 'Melikgazi', '2b8c542c-ae0c-4f0b-b76c-9dc50e45e925'),
                                                                                                ('793b74e4-3f96-4a0a-a8ce-3519179a441d', now(), true, 'admin', '1332', 'Fındıklı', '18f869b9-9b88-42e2-989d-aa662a10dfbb'),
                                                                                                ('7962e2f8-3c2c-4746-ad2b-b48227bf2395', now(), true, 'admin', '1825', 'Marmaraereğlisi', '2f750ca6-74fb-40a5-a21d-7c1b612c82b6'),
                                                                                                ('79ab45fe-b3a4-40e9-b738-a6edf3a73072', now(), true, 'admin', '1581', 'Pülümür', '05e44c1d-1c5a-430b-be03-8463a401df25'),
                                                                                                ('79c6b373-61da-4050-a86d-15ddfc9fe321', now(), true, 'admin', '1357', 'Gölhisar', '0cb557a8-68f1-4163-86a1-baaa42dc3b86'),
                                                                                                ('7a2db96d-0f61-45fb-b2d3-94f2a3d9ad38', now(), true, 'admin', '1373', 'Gürün', '82f54b55-2807-423e-80fe-b78e2fc02e35'),
                                                                                                ('7a8aaaf9-36e6-43aa-a572-0657ed8ef372', now(), true, 'admin', '1600', 'Sarıgöl', '7543d468-a218-433e-ba10-93c14d94bc64'),
                                                                                                ('7b0d31b4-bcec-4c7a-b22a-5eb784316171', now(), true, 'admin', '1341', 'Gelendost', '2ead4855-70a0-4a13-a9a0-d8340d1e47e1'),
                                                                                                ('7b11d7dd-4fc2-4501-ac6a-59e231458480', now(), true, 'admin', '1945', 'Aziziye', 'e3ef4335-8701-49db-a6ff-f684b7a4ec5b'),
                                                                                                ('7b3f495c-6431-482a-a6be-7907b57f2bef', now(), true, 'admin', '1736', 'Yusufeli', '9c6403c4-0d5a-40e4-8c1a-b7a437e89955'),
                                                                                                ('7b44f52b-dc76-43a6-b61d-b8f9fde70c35', now(), true, 'admin', '1263', 'Çüngüş', 'a51345f3-5d54-4ddc-8539-35acd29b8c7f'),
                                                                                                ('7b58e7fe-f8ec-47e2-9bb0-8c2cac8703fe', now(), true, 'admin', '1628', 'Sivas Merkez', '82f54b55-2807-423e-80fe-b78e2fc02e35'),
                                                                                                ('7b62094f-0a41-4fd5-aa87-f4b69724de8b', now(), true, 'admin', '1869', 'Akçakent', 'd0aa24e9-aed7-48bc-89ef-c8189f2a8199'),
                                                                                                ('7b9689a0-fc61-456a-9586-f482e15c9b3f', now(), true, 'admin', '1856', 'Yenice / Karabük', '4ab8c138-9267-446d-acc6-2da09d2e8184'),
                                                                                                ('7ba0c4c2-99a1-4942-a0ff-7b7bb86a8df0', now(), true, 'admin', '1644', 'Susurluk', 'df6aa2f0-8fa7-4aaa-ac83-25af2d868a6f'),
                                                                                                ('7c07d35d-c6e5-4087-9122-35b6269603a4', now(), true, 'admin', '1109', 'Ağlasun', '0cb557a8-68f1-4163-86a1-baaa42dc3b86'),
                                                                                                ('7c973b49-3883-4ca9-8cb8-4265c5a3e77d', now(), true, 'admin', '1289', 'Dörtyol', '1dd83c7e-ab4f-4f40-a162-a78926b902a9'),
                                                                                                ('7cc9d3b1-2b41-48db-b974-c04182861a6f', now(), true, 'admin', '1949', 'İyidere', '18f869b9-9b88-42e2-989d-aa662a10dfbb'),
                                                                                                ('7d099d91-a48a-4535-a486-474b4a0424e3', now(), true, 'admin', '1485', 'Kozaklı', '908bc03c-894c-49c0-b6d5-8d9baebddadb'),
                                                                                                ('7d138456-cc3b-43a9-9832-90fefb77a820', now(), true, 'admin', '1535', 'Mustafakemalpaşa', '44036c7e-a870-4d21-832f-15833fb7d2d9'),
                                                                                                ('7d4bdcff-ad6e-40d2-96ef-36a802ad29a8', now(), true, 'admin', '1905', 'Çilimli', '7b34906e-9163-426c-b8f4-77b51a3b5b5f'),
                                                                                                ('7e208eb3-990d-4fe5-afd9-082856a78cf6', now(), true, 'admin', '1356', 'Göle', 'af147737-b09b-450a-8cd7-daaf96bc3734'),
                                                                                                ('7e692a96-7ab4-471c-b176-88b43e77f3be', now(), true, 'admin', '1834', 'Pazar / Tokat', 'b70f3931-2dac-4356-9fc6-2c8fdb0ca9ee'),
                                                                                                ('7e914a2d-0fd9-497c-932b-2596132c473d', now(), true, 'admin', '1691', 'Tutak', 'fb8652a5-023e-4f33-adb9-a7d044866fef'),
                                                                                                ('7ef9c05c-66d9-4eaa-aed9-6a2840c34643', now(), true, 'admin', '1462', 'Kepsut', 'df6aa2f0-8fa7-4aaa-ac83-25af2d868a6f'),
                                                                                                ('7f1823ca-653f-4854-b4e5-daa73b6ced0f', now(), true, 'admin', '1963', 'Korgun', '3ab6f8ce-f95a-416e-9aac-1b1c95b12a19'),
                                                                                                ('7fa7fb86-8aa7-4bb2-852c-53b193831410', now(), true, 'admin', '1191', 'Bigadiç', 'df6aa2f0-8fa7-4aaa-ac83-25af2d868a6f'),
                                                                                                ('7fb7807e-4080-4106-8023-79239d903adf', now(), true, 'admin', '1796', 'Güneysu', '18f869b9-9b88-42e2-989d-aa662a10dfbb'),
                                                                                                ('7fbc3d94-65ef-4325-8579-b03c78bc6286', now(), true, 'admin', '1666', 'Taşköprü', 'b5b161bf-a578-4201-ad02-c3bafe581812'),
                                                                                                ('7fc43510-4bb2-462b-b22b-445e3bab636b', now(), true, 'admin', '1906', 'Çobanlar', 'dc2897db-7d15-4cc8-9df8-865344f0072a'),
                                                                                                ('80708076-cc18-4d03-a5c4-2418e845a0f0', now(), true, 'admin', '1815', 'Kazan', '1cf6df63-55b6-4ad9-98be-5371641e8808'),
                                                                                                ('8074384c-23b7-4603-adb7-45bc5cf5ef4a', now(), true, 'admin', '1495', 'Kurtalan', 'd0476241-34f1-4791-bc09-aa2bfa5a3ec1'),
                                                                                                ('80e91f60-9d1d-49f3-80d5-3ac85cf717d3', now(), true, 'admin', '1791', 'Eğil', 'a51345f3-5d54-4ddc-8539-35acd29b8c7f'),
                                                                                                ('8151f044-ec8d-4bb5-ba13-b01d9a78116e', now(), true, 'admin', '2087', 'Yunusemre', '7543d468-a218-433e-ba10-93c14d94bc64'),
                                                                                                ('81ed2913-4b48-4551-8c24-41ce5847e86c', now(), true, 'admin', '1768', 'Ayrancı', '437f82b2-1449-4010-a56b-a85d1980044e'),
                                                                                                ('8230d0fd-38d8-4863-ae60-c8fdec57dd69', now(), true, 'admin', '1852', 'Ümraniye', '34f4c2dd-8a3d-405a-96ef-e84b3ee2d9f9'),
                                                                                                ('824b81cb-b790-4daa-b91f-b0dc59b93486', now(), true, 'admin', '1932', 'Gülağaç', '69453446-9fb4-4f17-8b53-760a6ab1413b'),
                                                                                                ('825c2082-d66e-4688-a0b8-d37f34156069', now(), true, 'admin', '2000', 'Didim', '194d1e63-67ce-463b-8495-9d24660740c7'),
                                                                                                ('826b4371-fec7-45fa-85b1-48ee99560143', now(), true, 'admin', '2088', 'Artuklu', 'b2ec6d71-2ded-48c5-8b9e-a7560f4311fe'),
                                                                                                ('828a1d34-f89b-4471-8094-da829fcc8ca8', now(), true, 'admin', '1984', 'Seydiler', 'b5b161bf-a578-4201-ad02-c3bafe581812'),
                                                                                                ('83264667-cda8-4d00-8908-564638e1df09', now(), true, 'admin', '1798', 'Güroymak', '796a5980-1f24-4747-9ddc-dff0fd8d4ab4'),
                                                                                                ('836d757e-1ebc-4a74-aadd-8231be62f010', now(), true, 'admin', '1391', 'Hendek', '464be00b-842e-4967-b604-fce3f23240f8'),
                                                                                                ('837703a5-e4f5-4dc4-943c-1457ed89b498', now(), true, 'admin', '1612', 'Selçuk', 'b7e8aeba-e1cd-4700-abb0-75aeb1bf0d4d'),
                                                                                                ('84e44b29-222a-4a1b-b93f-7320f9ba8523', now(), true, 'admin', '1877', 'Aydıncık / Yozgat', 'e11a9ec5-5e4d-40a3-9e4c-93d1b6a7bdb1'),
                                                                                                ('850f7a81-d07b-4fee-a407-45268a51751e', now(), true, 'admin', 'Name', 'İnegöl', '44036c7e-a870-4d21-832f-15833fb7d2d9'),
                                                                                                ('855d70ac-1560-42a5-8e14-8d65179a666c', now(), true, 'admin', '1876', 'Altunhisar', 'b116d124-b5c6-4059-9cf7-3f66ef8b041f'),
                                                                                                ('8569c29a-59b8-4ffb-b33e-b88f2feea1fe', now(), true, 'admin', '1779', 'Bozyazı', '7cb95db1-d6ce-46c8-bb64-b4a2bde6ec94'),
                                                                                                ('857a9bbc-b570-4bfe-8c7e-de72656056c0', now(), true, 'admin', '1355', 'Gölcük', 'cd3a6d99-e343-45bf-94d9-d7306b56c702'),
                                                                                                ('85e7644b-8f0e-4296-9121-f651446c3cc5', now(), true, 'admin', '1472', 'Kırşehir Merkez', 'd0aa24e9-aed7-48bc-89ef-c8189f2a8199'),
                                                                                                ('86a3cc7e-677e-4fc6-9094-ca654c55440b', now(), true, 'admin', '1387', 'Haymana', '1cf6df63-55b6-4ad9-98be-5371641e8808'),
                                                                                                ('86e39dc1-30cb-49d2-8f99-8c7f65c50fab', now(), true, 'admin', '1606', 'Saruhanlı', '7543d468-a218-433e-ba10-93c14d94bc64'),
                                                                                                ('86e44f6f-4764-4147-a91b-0814257b480b', now(), true, 'admin', '1129', 'Almus', 'b70f3931-2dac-4356-9fc6-2c8fdb0ca9ee'),
                                                                                                ('8705f4aa-a1aa-4a19-b8f8-f2f37e90eb80', now(), true, 'admin', '1346', 'Gerede', 'a7aec2a1-1368-48df-9f4e-43f8d6dd66a4'),
                                                                                                ('8791df2f-3dca-44f7-b80e-e4db902f370a', now(), true, 'admin', '1179', 'Baykan', 'd0476241-34f1-4791-bc09-aa2bfa5a3ec1'),
                                                                                                ('87aa5f1e-84bc-4b77-92f5-9732a0e42028', now(), true, 'admin', '1161', 'Ayvalık', 'df6aa2f0-8fa7-4aaa-ac83-25af2d868a6f'),
                                                                                                ('87baf0af-a334-4942-8826-48b66ddce50d', now(), true, 'admin', '1431', 'Kangal', '82f54b55-2807-423e-80fe-b78e2fc02e35'),
                                                                                                ('87be3fc4-5abf-48da-9ed8-0ad57bd07433', now(), true, 'admin', '1210', 'Bozüyük', '41f3806f-d604-4a0e-a7ba-626cb5ac5584'),
                                                                                                ('88324eca-4c39-4cb6-9b23-ecf5e4a0ce88', now(), true, 'admin', '1304', 'Emet', '275b46c3-4fdc-4536-a19e-9f8a78cdaac9'),
                                                                                                ('88e581ef-60c2-4d66-af49-d228dc1dad3b', now(), true, 'admin', '1345', 'Gercüş', '487a8650-a7d7-4eb9-8607-a86974dbf17a'),
                                                                                                ('89024228-b8cf-4d9c-aada-320c41764df7', now(), true, 'admin', '2041', 'Kayapınar', 'a51345f3-5d54-4ddc-8539-35acd29b8c7f'),
                                                                                                ('8952174a-167c-4d09-b156-41f6c05ab000', now(), true, 'admin', '1189', 'Beytüşşebap', 'a38b8e36-0d95-4594-9d88-3451a07c7b92'),
                                                                                                ('895e7fc7-f507-4cca-9390-caf3da39dec0', now(), true, 'admin', '1698', 'Uludere', 'a38b8e36-0d95-4594-9d88-3451a07c7b92'),
                                                                                                ('8a132932-450e-4c34-b073-d35b5c134358', now(), true, 'admin', '1327', 'Fatih', '34f4c2dd-8a3d-405a-96ef-e84b3ee2d9f9'),
                                                                                                ('8a4cd583-4956-4131-a1e1-601d8fa6d306', now(), true, 'admin', '1449', 'Kartal', '34f4c2dd-8a3d-405a-96ef-e84b3ee2d9f9'),
                                                                                                ('8a508907-1028-4300-9f8a-7bc9ae0ae19d', now(), true, 'admin', '1662', 'Şirvan', 'd0476241-34f1-4791-bc09-aa2bfa5a3ec1'),
                                                                                                ('8a8c10a0-cd29-45ac-8b3f-31d2c261da10', now(), true, 'admin', '2024', 'Musabeyli', '27149f69-88b7-4337-8fe8-2997fe925901'),
                                                                                                ('8ab22a97-6c80-4e26-ab3c-73870cceaa78', now(), true, 'admin', '1802', 'Hisarcık', '275b46c3-4fdc-4536-a19e-9f8a78cdaac9'),
                                                                                                ('8ad827de-6981-4fe5-ba08-6cfc3ca76f6e', now(), true, 'admin', '1154', 'Atabey', '2ead4855-70a0-4a13-a9a0-d8340d1e47e1'),
                                                                                                ('8b0a2dee-e5b3-4652-ad9b-96a38b1923eb', now(), true, 'admin', '1655', 'Şefaatli', 'e11a9ec5-5e4d-40a3-9e4c-93d1b6a7bdb1'),
                                                                                                ('8b5e60e8-fd67-4618-8819-a0d5f6618bf4', now(), true, 'admin', '1681', 'Tonya', '3fdfe92e-f5ed-477b-876c-63b422f8ddbe'),
                                                                                                ('8b7b64ce-8b9e-4cc8-b719-f4049de96ea0', now(), true, 'admin', '1598', 'Sarayönü', '87d4ea1c-afc9-44e7-8b41-f38975b46d57'),
                                                                                                ('8b82e60c-1f70-4f9e-a760-8aa39018febf', now(), true, 'admin', '1605', 'Sarız', '2b8c542c-ae0c-4f0b-b76c-9dc50e45e925'),
                                                                                                ('8b84a170-ce16-4ebc-8042-3d1aea1912de', now(), true, 'admin', '1887', 'Belen', '1dd83c7e-ab4f-4f40-a162-a78926b902a9'),
                                                                                                ('8c506d78-fb23-4131-a15a-442550e19b4a', now(), true, 'admin', '1654', 'Şebinkarahisar', 'f67e8a4e-95f7-4e6b-9c60-5413828ed905'),
                                                                                                ('8c8f076f-e645-4abd-8759-3ffbbbe9544b', now(), true, 'admin', '1986', 'Söğütlü', '464be00b-842e-4967-b604-fce3f23240f8'),
                                                                                                ('8cdd1220-7e0b-4ca6-9208-3dd38184aa07', now(), true, 'admin', '1501', 'Ladik', 'b1569112-749c-4811-9675-1a8c7e84c16e'),
                                                                                                ('8ce651ad-5811-4aad-af6a-6b22fd235a7c', now(), true, 'admin', '1498', 'Kuyucak', '194d1e63-67ce-463b-8495-9d24660740c7'),
                                                                                                ('8d1ab212-381c-4383-ad78-92b603d39c45', now(), true, 'admin', '1213', 'Bulanık', '8b475617-e5ad-449a-8fdd-f0e38f5beecb'),
                                                                                                ('8d5bad6b-9847-48f9-9121-7187f9c60eb3', now(), true, 'admin', '1107', 'Afşin', 'cc706c0b-5e49-440d-88bb-fc21391b2d12'),
                                                                                                ('8d6a326b-4db1-4f8c-8150-3b94c151238b', now(), true, 'admin', '1730', 'Yığılca', '7b34906e-9163-426c-b8f4-77b51a3b5b5f'),
                                                                                                ('8d789e96-b5de-4a02-8058-c89c78b886e7', now(), true, 'admin', '1389', 'Hazro', 'a51345f3-5d54-4ddc-8539-35acd29b8c7f'),
                                                                                                ('8e05fc10-5d39-4b66-a1c3-9615fb10826a', now(), true, 'admin', '1244', 'Çaykara', '3fdfe92e-f5ed-477b-876c-63b422f8ddbe'),
                                                                                                ('8e811694-ce2e-438e-8fd5-b2f7b4502efb', now(), true, 'admin', '1980', 'Saray / Van', 'f663ea33-1ed1-4dad-aece-91d208dd897e'),
                                                                                                ('8f3ce92a-3bc6-4b35-affe-59497ccda984', now(), true, 'admin', '1657', 'Şenkaya', 'e3ef4335-8701-49db-a6ff-f684b7a4ec5b'),
                                                                                                ('8f56e0b9-2c1c-4daa-8309-07b55a81d690', now(), true, 'admin', '1418', 'İvrindi', 'df6aa2f0-8fa7-4aaa-ac83-25af2d868a6f'),
                                                                                                ('8f6a445d-21b7-4708-b260-a7036901d57c', now(), true, 'admin', '1302', 'Elmadağ', '1cf6df63-55b6-4ad9-98be-5371641e8808'),
                                                                                                ('8f91a401-ade5-44a2-a419-4a15454a3717', now(), true, 'admin', '1422', 'Kadınhanı', '87d4ea1c-afc9-44e7-8b41-f38975b46d57'),
                                                                                                ('9038294c-aa68-4748-a1da-9370724a0f8e', now(), true, 'admin', '1358', 'Gölköy', '2c26531b-f6b8-4bee-9902-6fa08fb9ae92'),
                                                                                                ('9065ff59-87de-4acf-8809-cf2b1ea30f9b', now(), true, 'admin', '1453', 'Kaynarca', '464be00b-842e-4967-b604-fce3f23240f8'),
                                                                                                ('9067786b-6149-4ce0-b371-570f32adb6a0', now(), true, 'admin', '1196', 'Bitlis Merkez', '796a5980-1f24-4747-9ddc-dff0fd8d4ab4'),
                                                                                                ('908f9f2b-29a1-4968-bb77-d4ee002137b5', now(), true, 'admin', '2046', 'Odunpazarı', 'e5a89741-4891-47db-a1db-f405ed5615c1'),
                                                                                                ('9097d93e-f096-48af-847c-c5dcf30d421f', now(), true, 'admin', '1127', 'Alaşehir', '7543d468-a218-433e-ba10-93c14d94bc64'),
                                                                                                ('90aa92c0-5a63-4596-ab88-a4a0095703ec', now(), true, 'admin', '1649', 'Şabanözü', '3ab6f8ce-f95a-416e-9aac-1b1c95b12a19'),
                                                                                                ('916f7bd1-3222-4c89-b6ac-fc0bfe4fd281', now(), true, 'admin', '1520', 'Mecitözü', '2847375f-0a57-4302-9ab9-78f6eb3892de'),
                                                                                                ('9191f5dd-3855-41c9-bfaa-34d82796320c', now(), true, 'admin', '1724', 'Yenipazar / Aydın', '194d1e63-67ce-463b-8495-9d24660740c7'),
                                                                                                ('91b9f799-c5c1-4586-8cea-68d420bc9969', now(), true, 'admin', '1616', 'Serik', 'ceb5916f-f5a3-4ec0-b118-7b12fb006167'),
                                                                                                ('91d5ba94-9594-4e39-858c-793e459bb8a1', now(), true, 'admin', '1380', 'Hanak', 'af147737-b09b-450a-8cd7-daaf96bc3734'),
                                                                                                ('9217b991-8d4d-4496-b0d7-2933a29071ad', now(), true, 'admin', '1985', 'Sincik', '2f97c1fd-98a4-4bf7-a216-b153e942842d'),
                                                                                                ('922c69c8-05ee-43b5-a614-7747ec355ad0', now(), true, 'admin', '1277', 'Devrekani', 'b5b161bf-a578-4201-ad02-c3bafe581812'),
                                                                                                ('9262127d-cbc3-451c-a043-d91ed9b837a4', now(), true, 'admin', '1783', 'Büyükorhan', '44036c7e-a870-4d21-832f-15833fb7d2d9'),
                                                                                                ('92749345-c53c-4a0e-ac29-df2faaa664a6', now(), true, 'admin', '1283', 'Diyadin', 'fb8652a5-023e-4f33-adb9-a7d044866fef'),
                                                                                                ('92e55e87-6483-40d1-bafe-033f3e7469d9', now(), true, 'admin', '1219', 'Ceyhan', '15f5e6a3-6db0-418f-a7e7-85a6578816a6'),
                                                                                                ('92fea01c-ff5b-49fe-98cb-b566ba1398d2', now(), true, 'admin', '1860', 'Ağaçören', '69453446-9fb4-4f17-8b53-760a6ab1413b'),
                                                                                                ('930f8152-9dbf-4e27-9dcd-b0b23e02ec70', now(), true, 'admin', '1553', 'Orhaneli', '44036c7e-a870-4d21-832f-15833fb7d2d9'),
                                                                                                ('9310c9e6-99ff-44d2-9079-28663a345fc4', now(), true, 'admin', '1442', 'Karasu', '464be00b-842e-4967-b604-fce3f23240f8'),
                                                                                                ('93419847-195d-4fdd-98ed-3518271e7072', now(), true, 'admin', '1111', 'Ağrı Merkez', 'fb8652a5-023e-4f33-adb9-a7d044866fef'),
                                                                                                ('93e5fdb8-f304-46e8-9e76-1befca65b5b4', now(), true, 'admin', '1231', 'Çankaya', '1cf6df63-55b6-4ad9-98be-5371641e8808'),
                                                                                                ('9446f7cf-3f47-4a2a-ae5e-65e1b95a95c3', now(), true, 'admin', '1635', 'Sorgun', 'e11a9ec5-5e4d-40a3-9e4c-93d1b6a7bdb1'),
                                                                                                ('945506f7-ad3b-4fd9-b98e-b0c3137ea80c', now(), true, 'admin', '1840', 'Serinhisar', '5c6914ab-7594-43e7-856c-09d6dd9db9f6'),
                                                                                                ('946bbaa7-fb22-4f7f-852c-d1668297da44', now(), true, 'admin', '1280', 'Dikili', 'b7e8aeba-e1cd-4700-abb0-75aeb1bf0d4d'),
                                                                                                ('94810067-9dab-45b4-91ce-2a30d7b158fe', now(), true, 'admin', '1505', 'Lüleburgaz', '5bfc4bf2-a1ed-47f5-b091-7ab1491c1de3'),
                                                                                                ('94b11b8b-4062-454f-922a-a24c5a704c32', now(), true, 'admin', '1805', 'İhsangazi', 'b5b161bf-a578-4201-ad02-c3bafe581812'),
                                                                                                ('94cadc23-f4cb-488a-b716-f87f7cc6cf71', now(), true, 'admin', '1473', 'Kızılcahamam', '1cf6df63-55b6-4ad9-98be-5371641e8808'),
                                                                                                ('94e7f445-691e-44c0-925f-c8108e85e3f0', now(), true, 'admin', '1937', 'Halkapınar', '87d4ea1c-afc9-44e7-8b41-f38975b46d57'),
                                                                                                ('9508a64c-eacf-4bfa-a29c-fc6e9cb7988d', now(), true, 'admin', '1370', 'Gündoğmuş', 'ceb5916f-f5a3-4ec0-b118-7b12fb006167'),
                                                                                                ('95b29e15-5001-441b-b159-3fc50b6f233a', now(), true, 'admin', '2093', 'Karaköprü', '62cd7de3-8dbd-4c36-935b-5efe32ca5b02'),
                                                                                                ('95bcdeb5-20ec-4246-8a67-f101005225bb', now(), true, 'admin', '1396', 'Horasan', 'e3ef4335-8701-49db-a6ff-f684b7a4ec5b'),
                                                                                                ('9674e60f-e135-4d3a-a7ea-56e53cb34800', now(), true, 'admin', '1663', 'Şişli', '34f4c2dd-8a3d-405a-96ef-e84b3ee2d9f9'),
                                                                                                ('972cef95-14d7-4a1a-b830-3d89b5b81fd3', now(), true, 'admin', '1584', 'Reşadiye', 'b70f3931-2dac-4356-9fc6-2c8fdb0ca9ee'),
                                                                                                ('975cf903-ecb3-4e17-bd64-b2ea54d4c817', now(), true, 'admin', '1438', 'Karakoçan', '73100cdf-4383-4f40-80a8-801e2b8c17f6'),
                                                                                                ('975d404f-2dca-475c-aaab-7abea37a7660', now(), true, 'admin', '2097', 'Ortahisar', '3fdfe92e-f5ed-477b-876c-63b422f8ddbe'),
                                                                                                ('97dd677b-eae9-4019-9906-0429a740cf5f', now(), true, 'admin', '1436', 'Karahallı', '79c97789-68ee-4067-a0fe-7802d307ef42'),
                                                                                                ('986f2373-fe36-4e12-ae67-3ab909c61f72', now(), true, 'admin', '1314', 'Erfelek', '55666a29-30e4-431f-9fa1-a63a7b26c635'),
                                                                                                ('98a86aff-7271-4626-8de6-0e47b0d0f2a4', now(), true, 'admin', '1254', 'Çiçekdağı', 'd0aa24e9-aed7-48bc-89ef-c8189f2a8199'),
                                                                                                ('98b5901d-7b55-403d-8618-1d6ca9703e3d', now(), true, 'admin', '1868', 'Ahırlı', '87d4ea1c-afc9-44e7-8b41-f38975b46d57'),
                                                                                                ('99494e2f-9129-480a-90a1-b68d75431244', now(), true, 'admin', '1326', 'Ezine', 'a23e8955-cb52-439e-9e92-44ffd3a70cff'),
                                                                                                ('99774a8e-a84b-4079-9ac3-e6ea1eb8ec61', now(), true, 'admin', '1561', 'Ovacık / Karabük', '4ab8c138-9267-446d-acc6-2da09d2e8184'),
                                                                                                ('99e4050a-0ac1-418b-8b05-a97b102a8557', now(), true, 'admin', '1988', 'Süloğlu', '97ddd116-c15d-4021-a4c4-aacfa21287b7'),
                                                                                                ('9a61ef54-4d9c-436c-9435-44559499d0b8', now(), true, 'admin', '1624', 'Silvan', 'a51345f3-5d54-4ddc-8539-35acd29b8c7f'),
                                                                                                ('9aa4f769-0524-47e5-940c-47b0a278dd42', now(), true, 'admin', '1361', 'Görele', 'f67e8a4e-95f7-4e6b-9c60-5413828ed905'),
                                                                                                ('9b2c427d-1ea0-4099-8303-0460d2fc6a7b', now(), true, 'admin', '1363', 'Göynücek', 'f155078e-9342-4faa-a06d-aaa4ea8fdf1d'),
                                                                                                ('9b8813fc-8f57-4373-9593-54abe8f528d9', now(), true, 'admin', '1216', 'Burhaniye', 'df6aa2f0-8fa7-4aaa-ac83-25af2d868a6f'),
                                                                                                ('9c00ade7-6d0f-467a-a91b-262b06854d28', now(), true, 'admin', '1549', 'Oğuzeli', '8660e01e-e703-4177-b85a-a596f689915d'),
                                                                                                ('9c0f51fe-86fb-47e9-a727-2cea22ed766c', now(), true, 'admin', '1200', 'Bolvadin', 'dc2897db-7d15-4cc8-9df8-865344f0072a'),
                                                                                                ('9c23c808-a4e6-406b-a36f-46f07a09b536', now(), true, 'admin', '1198', 'Boğazlıyan', 'e11a9ec5-5e4d-40a3-9e4c-93d1b6a7bdb1'),
                                                                                                ('9c4236a5-0db1-4791-9048-6cf97679f2c0', now(), true, 'admin', '1424', 'Kağızman', 'd05db18c-9180-4c98-84d5-5f0539c8bdc5'),
                                                                                                ('9ca9a25b-4e66-4847-b7e0-32e81ef0fe9d', now(), true, 'admin', '1474', 'Kızıltepe', 'b2ec6d71-2ded-48c5-8b9e-a7560f4311fe'),
                                                                                                ('9cc27511-b464-42b7-b627-1a75137c7905', now(), true, 'admin', '1385', 'Havsa', '97ddd116-c15d-4021-a4c4-aacfa21287b7'),
                                                                                                ('9cf1d2dd-4cb1-4a0b-86af-1e006b4e1be7', now(), true, 'admin', '1241', 'Çayeli', '18f869b9-9b88-42e2-989d-aa662a10dfbb'),
                                                                                                ('9cff0d02-7f8c-4d3e-adc1-dc4d9106cc92', now(), true, 'admin', '1543', 'Nevşehir Merkez', '908bc03c-894c-49c0-b6d5-8d9baebddadb'),
                                                                                                ('9d5509a8-5681-4bc7-b7ce-ef925535a432', now(), true, 'admin', '1924', 'Evren', '1cf6df63-55b6-4ad9-98be-5371641e8808'),
                                                                                                ('9d7f1d4a-18a9-4610-ab41-b0f54e90cac5', now(), true, 'admin', '2051', 'Beylikdüzü', '34f4c2dd-8a3d-405a-96ef-e84b3ee2d9f9'),
                                                                                                ('9da09237-007c-430d-ba96-109df9661b9f', now(), true, 'admin', '1800', 'Harran', '62cd7de3-8dbd-4c36-935b-5efe32ca5b02'),
                                                                                                ('9dd24ded-2a21-45cd-ae0b-1820836bf68b', now(), true, 'admin', '1592', 'Samsat', '2f97c1fd-98a4-4bf7-a216-b153e942842d'),
                                                                                                ('9ec83b62-0324-4cb4-b883-2d352b18e1cc', now(), true, 'admin', '1247', 'Çemişgezek', '05e44c1d-1c5a-430b-be03-8463a401df25'),
                                                                                                ('9f21017c-cbaa-4d38-bee6-3faaf27ea6a1', now(), true, 'admin', '2057', 'Karabağlar', 'b7e8aeba-e1cd-4700-abb0-75aeb1bf0d4d'),
                                                                                                ('9f356100-81f6-42d5-8d40-039ba8de3048', now(), true, 'admin', '1756', 'Akyaka', 'd05db18c-9180-4c98-84d5-5f0539c8bdc5'),
                                                                                                ('9f3d8bf6-ca30-48d7-824c-132639495a78', now(), true, 'admin', '2103', 'Altınordu', '2c26531b-f6b8-4bee-9902-6fa08fb9ae92'),
                                                                                                ('9f72aeca-c32f-4c52-88ab-b87f8b8bc12d', now(), true, 'admin', '1631', 'Sivrice', '73100cdf-4383-4f40-80a8-801e2b8c17f6'),
                                                                                                ('9f9d6fd6-ec41-4cc1-84fd-2eea3980b9fa', now(), true, 'admin', '1325', 'Eyüp', '34f4c2dd-8a3d-405a-96ef-e84b3ee2d9f9'),
                                                                                                ('9fd70354-169f-4cb9-bc82-34b8fe0a0f92', now(), true, 'admin', '1281', 'Dinar', 'dc2897db-7d15-4cc8-9df8-865344f0072a'),
                                                                                                ('9fea569f-b247-42b1-b061-40372b819dc0', now(), true, 'admin', '1118', 'Akhisar', '7543d468-a218-433e-ba10-93c14d94bc64'),
                                                                                                ('9fec1a13-ec8b-4ed4-b8cc-7d349cde1f29', now(), true, 'admin', '1865', 'Pazaryolu', 'e3ef4335-8701-49db-a6ff-f684b7a4ec5b'),
                                                                                                ('9fec4594-5e4a-4989-a2e4-5d79486b387d', now(), true, 'admin', '2079', 'Merkezefendi', '5c6914ab-7594-43e7-856c-09d6dd9db9f6'),
                                                                                                ('9fecfa4f-b958-467a-a074-dfd16d3d4da6', now(), true, 'admin', '1953', 'Kale / Malatya', '016a347b-e9d9-4be6-a207-40ff1dc98300'),
                                                                                                ('9ff47291-9f21-42ef-9c5e-806f721438a0', now(), true, 'admin', '1651', 'Şarkikaraağaç', '2ead4855-70a0-4a13-a9a0-d8340d1e47e1'),
                                                                                                ('a0462448-d96b-4909-a960-2aec1ea06ac6', now(), true, 'admin', '2039', 'Muratpaşa', 'ceb5916f-f5a3-4ec0-b118-7b12fb006167'),
                                                                                                ('a06aad71-cc56-49b1-b717-fee6d62ee030', now(), true, 'admin', '1849', 'Tekkeköy', 'b1569112-749c-4811-9675-1a8c7e84c16e'),
                                                                                                ('a18c0cd4-75eb-44bc-bbf6-8f339ecabfd4', now(), true, 'admin', '1296', 'Eflani', '4ab8c138-9267-446d-acc6-2da09d2e8184'),
                                                                                                ('a18fff82-7792-4c52-b4fd-414719295433', now(), true, 'admin', '1407', 'İmranlı', '82f54b55-2807-423e-80fe-b78e2fc02e35'),
                                                                                                ('a1a58e0a-4570-4982-b858-04719089e697', now(), true, 'admin', '1117', 'Akdağmadeni', 'e11a9ec5-5e4d-40a3-9e4c-93d1b6a7bdb1'),
                                                                                                ('a2a284c2-65ff-4069-9c14-ea8ae6daeedb', now(), true, 'admin', '1792', 'Erzin', '1dd83c7e-ab4f-4f40-a162-a78926b902a9'),
                                                                                                ('a2e49f45-a7a8-47de-9e2c-e71b42deb785', now(), true, 'admin', '1927', 'Gölova', '82f54b55-2807-423e-80fe-b78e2fc02e35'),
                                                                                                ('a367c2ac-1213-46c7-a974-fbfa48bd487b', now(), true, 'admin', '1126', 'Alanya', 'ceb5916f-f5a3-4ec0-b118-7b12fb006167'),
                                                                                                ('a3815c71-35a5-4f8f-a52c-107a5941d79a', now(), true, 'admin', '1570', 'Pazarcık', 'cc706c0b-5e49-440d-88bb-fc21391b2d12'),
                                                                                                ('a38e121d-5bf7-44fd-89bd-ee4f87088245', now(), true, 'admin', '1888', 'Beyağaç', '5c6914ab-7594-43e7-856c-09d6dd9db9f6'),
                                                                                                ('a397edc5-ed7f-43a4-ba5e-64af286f8584', now(), true, 'admin', '1240', 'Çaycuma', '520dbbcf-0e0b-4bbc-8910-13c5dc48f4b4'),
                                                                                                ('a3ea2e29-b9a2-4b70-b92b-b07c84a6a7c1', now(), true, 'admin', '1972', 'Laçin', '2847375f-0a57-4302-9ab9-78f6eb3892de'),
                                                                                                ('a3f057aa-8b38-4fb9-8265-72dafcb35066', now(), true, 'admin', '1884', 'Başyayla', '437f82b2-1449-4010-a56b-a85d1980044e'),
                                                                                                ('a4115f89-7510-40dd-b39d-4833763de8cf', now(), true, 'admin', '1538', 'Muratlı', '2f750ca6-74fb-40a5-a21d-7c1b612c82b6'),
                                                                                                ('a4a6292c-499f-4e6e-8cbd-1afb0e31d4fc', now(), true, 'admin', '1814', 'Karatay', '87d4ea1c-afc9-44e7-8b41-f38975b46d57'),
                                                                                                ('a4b8d976-f37e-4ad1-a2ba-a46beb286db8', now(), true, 'admin', '1467', 'Kınık', 'b7e8aeba-e1cd-4700-abb0-75aeb1bf0d4d'),
                                                                                                ('a4e1c93c-15c8-40e1-97fb-a311a468c9ea', now(), true, 'admin', '1192', 'Bilecik Merkez', '41f3806f-d604-4a0e-a7ba-626cb5ac5584'),
                                                                                                ('a548e41f-be95-4870-b42c-1c804cd46682', now(), true, 'admin', '1209', 'Bozova', '62cd7de3-8dbd-4c36-935b-5efe32ca5b02'),
                                                                                                ('a555fa42-c40a-4d1c-941f-64dfac43b503', now(), true, 'admin', '1565', 'Özalp', 'f663ea33-1ed1-4dad-aece-91d208dd897e'),
                                                                                                ('a57f7e6e-0979-49b2-8c7e-93fe8df153a8', now(), true, 'admin', '1797', 'Gürgentepe', '2c26531b-f6b8-4bee-9902-6fa08fb9ae92'),
                                                                                                ('a5b58c3b-ec59-4c98-9bc8-a699996b52d2', now(), true, 'admin', '1801', 'Hasköy', '8b475617-e5ad-449a-8fdd-f0e38f5beecb'),
                                                                                                ('a5c60f3f-e2cd-4001-b26a-3646890c48f6', now(), true, 'admin', '1368', 'Gümüşhacıköy', 'f155078e-9342-4faa-a06d-aaa4ea8fdf1d'),
                                                                                                ('a5e58038-6e84-4541-9318-e3df9b2b7566', now(), true, 'admin', '1202', 'Borçka', '9c6403c4-0d5a-40e4-8c1a-b7a437e89955'),
                                                                                                ('a65854f0-927e-4965-ae47-10c114a5cf88', now(), true, 'admin', '1845', 'Şenpazar', 'b5b161bf-a578-4201-ad02-c3bafe581812'),
                                                                                                ('a65e1dc0-596e-4c14-8494-4215d1bb55a2', now(), true, 'admin', '1157', 'Ayaş', '1cf6df63-55b6-4ad9-98be-5371641e8808'),
                                                                                                ('a6968466-d2a5-4749-8ddd-e48e590d335c', now(), true, 'admin', '2059', 'Çayırova', 'cd3a6d99-e343-45bf-94d9-d7306b56c702'),
                                                                                                ('a6c139c3-e7a2-4ecf-8ede-ad0471f8a1e1', now(), true, 'admin', '1512', 'Manavgat', 'ceb5916f-f5a3-4ec0-b118-7b12fb006167'),
                                                                                                ('a757b35d-96aa-475b-b796-2267ff9bf113', now(), true, 'admin', '2009', 'Gaziemir', 'b7e8aeba-e1cd-4700-abb0-75aeb1bf0d4d'),
                                                                                                ('a770e6e3-1dc0-44af-a34f-f4cb1e15703f', now(), true, 'admin', '1224', 'Çal', '5c6914ab-7594-43e7-856c-09d6dd9db9f6'),
                                                                                                ('a78aeaff-7f18-4ee0-a58f-919d8738ed3d', now(), true, 'admin', '1683', 'Tortum', 'e3ef4335-8701-49db-a6ff-f684b7a4ec5b'),
                                                                                                ('a7d14711-0dac-41c2-b719-09f1e52b13f0', now(), true, 'admin', '1806', 'İmamoğlu', '15f5e6a3-6db0-418f-a7e7-85a6578816a6'),
                                                                                                ('a7d7cfab-fe19-41a5-af12-9fc069abbd22', now(), true, 'admin', '2071', 'Serdivan', '464be00b-842e-4967-b604-fce3f23240f8'),
                                                                                                ('a7e2f9f1-e6d3-4de0-a801-46ae7b1bc4e1', now(), true, 'admin', '1587', 'Safranbolu', '4ab8c138-9267-446d-acc6-2da09d2e8184'),
                                                                                                ('a885a239-fec2-430f-85f1-227ffe0ad120', now(), true, 'admin', '1609', 'Savur', 'b2ec6d71-2ded-48c5-8b9e-a7560f4311fe'),
                                                                                                ('a8b50fd6-2a94-4559-9b29-2ef54b9eda87', now(), true, 'admin', '1755', 'Aksu / Isparta', '2ead4855-70a0-4a13-a9a0-d8340d1e47e1'),
                                                                                                ('a8f0fc6c-b555-4b63-a2cf-b02faabda617', now(), true, 'admin', '1529', 'Mucur', 'd0aa24e9-aed7-48bc-89ef-c8189f2a8199'),
                                                                                                ('a9306fcf-775b-4a11-aaa0-0177ef30c55d', now(), true, 'admin', '1237', 'Çatalca', '34f4c2dd-8a3d-405a-96ef-e84b3ee2d9f9'),
                                                                                                ('aa1ec7dd-b934-4961-b589-8ef48ffaf3ad', now(), true, 'admin', '1321', 'Eskipazar', '4ab8c138-9267-446d-acc6-2da09d2e8184'),
                                                                                                ('aa207142-97c5-4b8f-a2ca-b574a2458c5b', now(), true, 'admin', '1991', 'Ulaş', '82f54b55-2807-423e-80fe-b78e2fc02e35'),
                                                                                                ('aaf16a56-e8fb-437b-ab59-0ea1cbaff5d2', now(), true, 'admin', '1677', 'Tire', 'b7e8aeba-e1cd-4700-abb0-75aeb1bf0d4d'),
                                                                                                ('ab046d71-232c-463b-a79a-6c4151faa377', now(), true, 'admin', '1147', 'Arhavi', '9c6403c4-0d5a-40e4-8c1a-b7a437e89955'),
                                                                                                ('ab57add3-506e-4c7d-ab6f-6b3300589f99', now(), true, 'admin', '1964', 'Korkut', '8b475617-e5ad-449a-8fdd-f0e38f5beecb'),
                                                                                                ('ab831ba1-f0ec-4720-8129-cf5754ca4dc5', now(), true, 'admin', '1735', 'Yunak', '87d4ea1c-afc9-44e7-8b41-f38975b46d57'),
                                                                                                ('abcf4b3e-7620-4cac-97f8-d3003ec824bc', now(), true, 'admin', '1392', 'Hınıs', 'e3ef4335-8701-49db-a6ff-f684b7a4ec5b'),
                                                                                                ('ac02e07f-9fc1-4179-916b-cb4498dc0478', now(), true, 'admin', '1618', 'Seyitgazi', 'e5a89741-4891-47db-a1db-f405ed5615c1'),
                                                                                                ('ac2322a7-2004-4609-85bf-f3cfb7acff99', now(), true, 'admin', '1432', 'Karaburun', 'b7e8aeba-e1cd-4700-abb0-75aeb1bf0d4d'),
                                                                                                ('ac455025-f469-4134-84cd-a695eb4177b4', now(), true, 'admin', '1207', 'Bozkır', '87d4ea1c-afc9-44e7-8b41-f38975b46d57'),
                                                                                                ('ac660596-87ab-4c97-9ac2-975dd1b6e77c', now(), true, 'admin', '2099', 'Tuşba', 'f663ea33-1ed1-4dad-aece-91d208dd897e'),
                                                                                                ('ac690ee2-d662-405f-98a7-810ceef0fb7e', now(), true, 'admin', '1394', 'Hizan', '796a5980-1f24-4747-9ddc-dff0fd8d4ab4'),
                                                                                                ('ac864605-5d95-49f3-879d-5eae495328f2', now(), true, 'admin', '1941', 'Hasankeyf', '487a8650-a7d7-4eb9-8607-a86974dbf17a'),
                                                                                                ('acf1e43d-6419-4005-836c-e3b62b0e0643', now(), true, 'admin', '1211', 'Bucak', '0cb557a8-68f1-4163-86a1-baaa42dc3b86'),
                                                                                                ('ad141516-8097-4c9e-8ec6-8d56b759bd4e', now(), true, 'admin', '1585', 'Reyhanlı', '1dd83c7e-ab4f-4f40-a162-a78926b902a9'),
                                                                                                ('ad387e11-20a7-4c23-9277-10dfdb71965f', now(), true, 'admin', '1460', 'Kemaliye', 'e7b54856-5ba3-46ac-a163-7f7dc4c89c1d'),
                                                                                                ('ad653bb6-8d31-4e2c-945c-e665a206b032', now(), true, 'admin', '1727', 'Yeşilhisar', '2b8c542c-ae0c-4f0b-b76c-9dc50e45e925'),
                                                                                                ('ad6639e0-ff27-46ac-b1ac-4e1589eb1636', now(), true, 'admin', '1960', 'Kestel', '44036c7e-a870-4d21-832f-15833fb7d2d9'),
                                                                                                ('addccf12-b712-4ecc-8e92-2ccd209a114f', now(), true, 'admin', '1603', 'Sarıoğlan', '2b8c542c-ae0c-4f0b-b76c-9dc50e45e925'),
                                                                                                ('ae886137-c2da-4e72-9958-5d1ee67fff56', now(), true, 'admin', '1674', 'Tekman', 'e3ef4335-8701-49db-a6ff-f684b7a4ec5b'),
                                                                                                ('ae98b9e8-0376-4f83-aa68-18376ba9a1bc', now(), true, 'admin', '1557', 'Ortaköy / Aksaray', '69453446-9fb4-4f17-8b53-760a6ab1413b'),
                                                                                                ('ae9d3469-ec46-4a51-a45e-82e289e87fe5', now(), true, 'admin', '1700', 'Ulukışla', 'b116d124-b5c6-4059-9cf7-3f66ef8b041f'),
                                                                                                ('af61609e-b687-4d48-9009-84b028858d80', now(), true, 'admin', '1455', 'Keban', '73100cdf-4383-4f40-80a8-801e2b8c17f6'),
                                                                                                ('afc68ee7-a812-4116-ac64-78f9cb32f665', now(), true, 'admin', '1742', 'Dalaman', 'cedcd207-df47-4e57-b1a9-bea2d80158f7'),
                                                                                                ('afdc6c91-bd68-4794-8210-11d43c699f74', now(), true, 'admin', '1175', 'Başkale', 'f663ea33-1ed1-4dad-aece-91d208dd897e'),
                                                                                                ('afe84d80-899e-4a58-8888-14644c2c114d', now(), true, 'admin', '1597', 'Sarayköy', '5c6914ab-7594-43e7-856c-09d6dd9db9f6'),
                                                                                                ('b0a82162-ea04-4c76-8076-2c893065731f', now(), true, 'admin', '1652', 'Şarköy', '2f750ca6-74fb-40a5-a21d-7c1b612c82b6'),
                                                                                                ('b0d00235-d9bd-4c9f-8528-ec5c3fc47e74', now(), true, 'admin', '1122', 'Akşehir', '87d4ea1c-afc9-44e7-8b41-f38975b46d57'),
                                                                                                ('b13e9458-d95e-495f-9eda-a11c4ddf501c', now(), true, 'admin', '1330', 'Felahiye', '2b8c542c-ae0c-4f0b-b76c-9dc50e45e925'),
                                                                                                ('b16c6c21-459e-49ff-8a87-3a57e6483e9e', now(), true, 'admin', '1809', 'İscehisar', 'dc2897db-7d15-4cc8-9df8-865344f0072a'),
                                                                                                ('b1c8e189-35bf-4211-93c5-5e01af68f73b', now(), true, 'admin', '1181', 'Bergama', 'b7e8aeba-e1cd-4700-abb0-75aeb1bf0d4d'),
                                                                                                ('b1e352d9-d0e0-4eef-88a3-0a015d71ccfc', now(), true, 'admin', '1933', 'Güneysınır', '87d4ea1c-afc9-44e7-8b41-f38975b46d57'),
                                                                                                ('b1f0e95f-06e3-46e1-b7df-63cdd36f4763', now(), true, 'admin', '1828', 'Murgul', '9c6403c4-0d5a-40e4-8c1a-b7a437e89955'),
                                                                                                ('b2f98f64-3d14-4a38-8146-e3dd3c0c25ce', now(), true, 'admin', '2090', 'Seydikemer', 'cedcd207-df47-4e57-b1a9-bea2d80158f7'),
                                                                                                ('b2fc1669-b4c0-4430-8eb9-2f72fa568426', now(), true, 'admin', '1384', 'Havran', 'df6aa2f0-8fa7-4aaa-ac83-25af2d868a6f'),
                                                                                                ('b34507cc-f526-4b75-be67-c8da2a4d64a7', now(), true, 'admin', '1187', 'Beypazarı', '1cf6df63-55b6-4ad9-98be-5371641e8808'),
                                                                                                ('b3a5f854-c97a-4344-9731-d7d7c5a246ed', now(), true, 'admin', '1476', 'Kilis Merkez', '27149f69-88b7-4337-8fe8-2997fe925901'),
                                                                                                ('b480bf30-124d-4d35-80cb-85708429fa93', now(), true, 'admin', '1778', 'Boğazkale', '2847375f-0a57-4302-9ab9-78f6eb3892de'),
                                                                                                ('b4c282a6-e08b-4018-bf79-3fc3dae55ce6', now(), true, 'admin', '2074', 'İlkadım', 'b1569112-749c-4811-9675-1a8c7e84c16e'),
                                                                                                ('b4ecb9bc-8579-40e7-a0d9-b7b8281c10d2', now(), true, 'admin', '1993', 'Yakakent', 'b1569112-749c-4811-9675-1a8c7e84c16e'),
                                                                                                ('b543d27c-4450-4890-8f94-98672624720f', now(), true, 'admin', '1468', 'Kırıkhan', '1dd83c7e-ab4f-4f40-a162-a78926b902a9'),
                                                                                                ('b56c9991-4ca1-4225-9579-2be50d8b9497', now(), true, 'admin', '1311', 'Erdemli', '7cb95db1-d6ce-46c8-bb64-b4a2bde6ec94'),
                                                                                                ('b58ee998-74bb-4134-93ff-6c1768b909b6', now(), true, 'admin', '1750', 'Adaklı', '55c00e8d-3b38-439b-ae7f-3f1992ecb596'),
                                                                                                ('b5a2b001-18fb-4a04-bd9e-2f4a4b462ea7', now(), true, 'admin', '1952', 'Kadışehri', 'e11a9ec5-5e4d-40a3-9e4c-93d1b6a7bdb1'),
                                                                                                ('b5dbfd25-8c79-4e46-810e-f1310a0aea22', now(), true, 'admin', '2089', 'Menteşe', 'cedcd207-df47-4e57-b1a9-bea2d80158f7'),
                                                                                                ('b6040307-fb0e-4005-808d-2b8ac7dca095', now(), true, 'admin', '1350', 'Gevaş', 'f663ea33-1ed1-4dad-aece-91d208dd897e'),
                                                                                                ('b6a2cbc6-a55f-4bd0-b3e5-f375fc6d9f8e', now(), true, 'admin', '2086', 'Şehzadeler', '7543d468-a218-433e-ba10-93c14d94bc64'),
                                                                                                ('b72d2803-9e31-499d-b6c3-a4fc1e2fd526', now(), true, 'admin', '1661', 'Şırnak Merkez', 'a38b8e36-0d95-4594-9d88-3451a07c7b92'),
                                                                                                ('b7364ca7-df92-48b7-a70e-68876f4da034', now(), true, 'admin', '1957', 'Karpuzlu', '194d1e63-67ce-463b-8495-9d24660740c7'),
                                                                                                ('b752d239-ef16-418e-b070-5449ed000449', now(), true, 'admin', '1640', 'Sultanhisar', '194d1e63-67ce-463b-8495-9d24660740c7'),
                                                                                                ('b77f6cad-2f61-47de-80f9-326b0ff31395', now(), true, 'admin', '2052', 'Çekmeköy', '34f4c2dd-8a3d-405a-96ef-e84b3ee2d9f9'),
                                                                                                ('b783b1e6-3721-4693-936f-acc5604d604c', now(), true, 'admin', '1749', 'Acıgöl', '908bc03c-894c-49c0-b6d5-8d9baebddadb'),
                                                                                                ('b7c34be8-1136-4c5b-bcbe-21a278cc001b', now(), true, 'admin', '1489', 'Kula', '7543d468-a218-433e-ba10-93c14d94bc64'),
                                                                                                ('b7d15843-3bf9-4463-b2f1-330f70d62daf', now(), true, 'admin', '1252', 'Çıldır', 'af147737-b09b-450a-8cd7-daaf96bc3734'),
                                                                                                ('b7fcb21a-71eb-400f-b3b1-8d006ff361b8', now(), true, 'admin', '1994', 'Yalıhüyük', '87d4ea1c-afc9-44e7-8b41-f38975b46d57'),
                                                                                                ('b83d27a8-6e5c-45e8-b5eb-024ee5ff0df9', now(), true, 'admin', '1786', 'Çaldıran', 'f663ea33-1ed1-4dad-aece-91d208dd897e'),
                                                                                                ('b847fbf4-4849-4d76-8e00-139cabebc2bf', now(), true, 'admin', '1559', 'Osmaneli', '41f3806f-d604-4a0e-a7ba-626cb5ac5584'),
                                                                                                ('b880e184-27e3-407f-b850-b244b5abfb78', now(), true, 'admin', '1295', 'Edirne Merkez', '97ddd116-c15d-4021-a4c4-aacfa21287b7'),
                                                                                                ('b893042f-b6a2-46d8-b01b-da92df82e64c', now(), true, 'admin', '1646', 'Suşehri', '82f54b55-2807-423e-80fe-b78e2fc02e35'),
                                                                                                ('b899eac9-7a53-4e54-b091-3b3beb9e35c2', now(), true, 'admin', '1839', 'Selçuklu', '87d4ea1c-afc9-44e7-8b41-f38975b46d57'),
                                                                                                ('b8f50ec2-5c7c-4814-a984-af8f4452ccea', now(), true, 'admin', '1711', 'Varto', '8b475617-e5ad-449a-8fdd-f0e38f5beecb'),
                                                                                                ('b9133a33-95cb-499f-af30-ba907e5c15f2', now(), true, 'admin', '1894', 'Çanakçı', 'f67e8a4e-95f7-4e6b-9c60-5413828ed905'),
                                                                                                ('b91cf29e-cc1b-417d-a9f3-8e70230033ba', now(), true, 'admin', '1926', 'Gökçebey', '520dbbcf-0e0b-4bbc-8910-13c5dc48f4b4'),
                                                                                                ('b92f326e-0e14-493c-aba1-137113ce85b3', now(), true, 'admin', '1310', 'Erdek', 'df6aa2f0-8fa7-4aaa-ac83-25af2d868a6f'),
                                                                                                ('b9ee7b12-3d69-429b-a6cd-9feafa59488c', now(), true, 'admin', '1425', 'Kahta', '2f97c1fd-98a4-4bf7-a216-b153e942842d'),
                                                                                                ('ba073481-5a6a-4034-b270-6703631c38eb', now(), true, 'admin', '1892', 'Çamlıyayla', '7cb95db1-d6ce-46c8-bb64-b4a2bde6ec94'),
                                                                                                ('ba2fff02-4d89-42e9-977e-e558760e5475', now(), true, 'admin', '1739', 'Zeytinburnu', '34f4c2dd-8a3d-405a-96ef-e84b3ee2d9f9'),
                                                                                                ('baac7356-1797-40b3-a3e7-3a070aff4cf1', now(), true, 'admin', '1312', 'Ereğli / Konya', '87d4ea1c-afc9-44e7-8b41-f38975b46d57'),
                                                                                                ('bae803b9-a153-4099-a3a1-2d664b7aca96', now(), true, 'admin', '1496', 'Kurucaşile', '1d496757-ff1c-4a5f-8363-3675ebb39c37'),
                                                                                                ('bafd28a0-0d11-448f-a650-2ebf2b41fcb9', now(), true, 'admin', '1499', 'Küre', 'b5b161bf-a578-4201-ad02-c3bafe581812'),
                                                                                                ('bb61fe63-81e5-4858-bd82-d25fb24f4d8e', now(), true, 'admin', '1269', 'Demirci', '7543d468-a218-433e-ba10-93c14d94bc64'),
                                                                                                ('bbbb8dd5-7e73-4c98-a02b-956b708d6737', now(), true, 'admin', '1352', 'Giresun Merkez', 'f67e8a4e-95f7-4e6b-9c60-5413828ed905'),
                                                                                                ('bbbc81a6-a079-4a0c-ba19-828025b50ce3', now(), true, 'admin', '1978', 'Özvatan', '2b8c542c-ae0c-4f0b-b76c-9dc50e45e925'),
                                                                                                ('bbd10404-0c20-4dbe-b716-2d569195ba93', now(), true, 'admin', '1484', 'Koyulhisar', '82f54b55-2807-423e-80fe-b78e2fc02e35'),
                                                                                                ('bcabca7b-772e-4813-b84c-6138649ac952', now(), true, 'admin', '1935', 'Gürsu', '44036c7e-a870-4d21-832f-15833fb7d2d9'),
                                                                                                ('bcb3190e-9179-4bff-9854-54d8b36789b3', now(), true, 'admin', '1668', 'Taşova', 'f155078e-9342-4faa-a06d-aaa4ea8fdf1d'),
                                                                                                ('bcc6ff27-6759-45d0-b2f7-3f93e573ee4d', now(), true, 'admin', '1301', 'Eleşkirt', 'fb8652a5-023e-4f33-adb9-a7d044866fef'),
                                                                                                ('bcdded06-59fb-41e2-89d6-26d1d4048e55', now(), true, 'admin', '1904', 'Çiftlik', 'b116d124-b5c6-4059-9cf7-3f66ef8b041f'),
                                                                                                ('bcf01b3e-a48b-4a8e-b57f-ffafef6ceb1f', now(), true, 'admin', '1253', 'Çınar', 'a51345f3-5d54-4ddc-8539-35acd29b8c7f'),
                                                                                                ('bd2a6b6f-a53b-488f-ba14-2c847940333f', now(), true, 'admin', '1782', 'Büyükçekmece', '34f4c2dd-8a3d-405a-96ef-e84b3ee2d9f9'),
                                                                                                ('bdae7b3f-627d-484a-862e-ea444983aac6', now(), true, 'admin', '1544', 'Niğde Merkez', 'b116d124-b5c6-4059-9cf7-3f66ef8b041f'),
                                                                                                ('bdb376db-8f06-497d-88dd-0e41a61bd737', now(), true, 'admin', '1427', 'Kalecik', '1cf6df63-55b6-4ad9-98be-5371641e8808'),
                                                                                                ('bdc4a7e8-d8a0-4f3d-ab0d-2841265d56fe', now(), true, 'admin', '2062', 'İzmit', 'cd3a6d99-e343-45bf-94d9-d7306b56c702'),
                                                                                                ('be2a832a-2af4-45c6-95fa-78db52e66920', now(), true, 'admin', '1882', 'Balışeyh', 'b8864e0c-4536-4890-91aa-6ec0a5bd50c8'),
                                                                                                ('be3fa01c-5b9a-4ebf-9da2-969c70e6feef', now(), true, 'admin', '1665', 'Tarsus', '7cb95db1-d6ce-46c8-bb64-b4a2bde6ec94'),
                                                                                                ('be99822a-6683-4c60-9190-6fb67b73b1c2', now(), true, 'admin', '2072', 'Atakum', 'b1569112-749c-4811-9675-1a8c7e84c16e'),
                                                                                                ('bea41adf-b0a3-4e18-983f-66e145e007dc', now(), true, 'admin', '1857', 'Yenipazar / Bilecik', '41f3806f-d604-4a0e-a7ba-626cb5ac5584'),
                                                                                                ('bec5b435-ad40-4b37-a347-9de38fce1db8', now(), true, 'admin', '1228', 'Çamlıhemşin', '18f869b9-9b88-42e2-989d-aa662a10dfbb'),
                                                                                                ('bec64cdd-1508-41d1-bae3-fb75b5c92ec4', now(), true, 'admin', '1522', 'Mengen', 'a7aec2a1-1368-48df-9f4e-43f8d6dd66a4'),
                                                                                                ('bed4ed1f-ce07-4f33-8193-6b5c2a195f8f', now(), true, 'admin', '1139', 'Araban', '8660e01e-e703-4177-b85a-a596f689915d'),
                                                                                                ('bed99005-195d-40e0-b835-7cb9658a5e44', now(), true, 'admin', '1583', 'Refahiye', 'e7b54856-5ba3-46ac-a163-7f7dc4c89c1d'),
                                                                                                ('bef403df-ee8d-4f93-ba6e-deb1667932e1', now(), true, 'admin', '1829', 'Nilüfer', '44036c7e-a870-4d21-832f-15833fb7d2d9'),
                                                                                                ('bf00faf8-50f0-4355-9119-04437b651a1e', now(), true, 'admin', '1604', 'Sarıyer', '34f4c2dd-8a3d-405a-96ef-e84b3ee2d9f9'),
                                                                                                ('bf29709e-c6e8-45f0-b91b-63fc9af96423', now(), true, 'admin', '2081', 'Arsuz', '1dd83c7e-ab4f-4f40-a162-a78926b902a9'),
                                                                                                ('bf5fad98-2793-451c-9460-2e3035c44e60', now(), true, 'admin', '1848', 'Taşkent', '87d4ea1c-afc9-44e7-8b41-f38975b46d57'),
                                                                                                ('bf724d1a-88b5-44c2-83cd-457ace986325', now(), true, 'admin', '2030', 'Derince', 'cd3a6d99-e343-45bf-94d9-d7306b56c702'),
                                                                                                ('c01991b5-deca-4c8a-ab26-748590ff9305', now(), true, 'admin', '1268', 'Delice', 'b8864e0c-4536-4890-91aa-6ec0a5bd50c8'),
                                                                                                ('c02223e1-bea8-4d52-8526-0e4a9180c2a8', now(), true, 'admin', '1707', 'Ürgüp', '908bc03c-894c-49c0-b6d5-8d9baebddadb'),
                                                                                                ('c053edb0-0fb3-451b-b1b5-4240874f7d2d', now(), true, 'admin', '1506', 'Maden', '73100cdf-4383-4f40-80a8-801e2b8c17f6'),
                                                                                                ('c07bd354-6991-420a-84d3-6b4c75fe4951', now(), true, 'admin', '1678', 'Tirebolu', 'f67e8a4e-95f7-4e6b-9c60-5413828ed905'),
                                                                                                ('c15853e6-5c65-40b5-aa74-3c42f9ff4823', now(), true, 'admin', '1274', 'Derinkuyu', '908bc03c-894c-49c0-b6d5-8d9baebddadb'),
                                                                                                ('c21df9dc-a621-426c-879c-029096f3db78', now(), true, 'admin', '1497', 'Kuşadası', '194d1e63-67ce-463b-8495-9d24660740c7'),
                                                                                                ('c22d26d8-29ae-44c1-8510-3d824295d0b4', now(), true, 'admin', '2031', 'Kaynaşlı', '7b34906e-9163-426c-b8f4-77b51a3b5b5f'),
                                                                                                ('c27bc847-bc30-48b1-af5c-efc59b0abd6f', now(), true, 'admin', '1256', 'Çine', '194d1e63-67ce-463b-8495-9d24660740c7'),
                                                                                                ('c2900896-87e3-4158-af70-d0340a348467', now(), true, 'admin', '1276', 'Devrek', '520dbbcf-0e0b-4bbc-8910-13c5dc48f4b4'),
                                                                                                ('c2bf3b31-f486-43d6-94ba-c529c37b3faa', now(), true, 'admin', '1317', 'Eruh', 'd0476241-34f1-4791-bc09-aa2bfa5a3ec1'),
                                                                                                ('c30529f2-ab15-4e67-971f-aa262f12444c', now(), true, 'admin', '1620', 'Siirt Merkez', 'd0476241-34f1-4791-bc09-aa2bfa5a3ec1'),
                                                                                                ('c328b398-75cf-42b9-afc0-1ffae85fe844', now(), true, 'admin', '1194', 'Birecik', '62cd7de3-8dbd-4c36-935b-5efe32ca5b02'),
                                                                                                ('c386e9ea-56e5-49d9-926b-df7fbcc4ddde', now(), true, 'admin', '1959', 'Kemer / Antalya', 'ceb5916f-f5a3-4ec0-b118-7b12fb006167'),
                                                                                                ('c3bd23cc-e067-465b-a368-24287327a656', now(), true, 'admin', '1594', 'Sandıklı', 'dc2897db-7d15-4cc8-9df8-865344f0072a'),
                                                                                                ('c40ef380-9103-4157-a037-aeab706865c5', now(), true, 'admin', '1353', 'Göksun', 'cc706c0b-5e49-440d-88bb-fc21391b2d12'),
                                                                                                ('c45ad6de-480d-4bde-b157-a8c588e5ca20', now(), true, 'admin', '1938', 'Hamamözü', 'f155078e-9342-4faa-a06d-aaa4ea8fdf1d'),
                                                                                                ('c467799a-9acc-4345-a32e-38181f2b4360', now(), true, 'admin', '1528', 'Milas', 'cedcd207-df47-4e57-b1a9-bea2d80158f7'),
                                                                                                ('c4770ba3-4dcd-410b-aef5-538afcca6ecb', now(), true, 'admin', '1803', 'Honaz', '5c6914ab-7594-43e7-856c-09d6dd9db9f6'),
                                                                                                ('c4cbf1f6-e49d-4d37-9401-0428b93f056b', now(), true, 'admin', '1230', 'Çanakkale Merkez', 'a23e8955-cb52-439e-9e92-44ffd3a70cff'),
                                                                                                ('c5065aec-f978-4aab-b371-dfc105e8d9fa', now(), true, 'admin', '1571', 'Pazaryeri', '41f3806f-d604-4a0e-a7ba-626cb5ac5584'),
                                                                                                ('c52e7acb-0616-4a40-8056-dbd67f476cb0', now(), true, 'admin', '2002', 'Yeşilli', 'b2ec6d71-2ded-48c5-8b9e-a7560f4311fe'),
                                                                                                ('c55c0aa3-b9cd-4cb4-830b-a5fffdfb9c5a', now(), true, 'admin', '1990', 'Tuzlukçu', '87d4ea1c-afc9-44e7-8b41-f38975b46d57'),
                                                                                                ('c5832216-e96f-4f90-9469-fdbd08013bb1', now(), true, 'admin', '1705', 'Uzunköprü', '97ddd116-c15d-4021-a4c4-aacfa21287b7'),
                                                                                                ('c5b161e9-08c5-47f4-bce1-9f117bac784f', now(), true, 'admin', '1820', 'Kovancılar', '73100cdf-4383-4f40-80a8-801e2b8c17f6'),
                                                                                                ('c66f9113-dca3-4ff5-b24f-5f183012bc81', now(), true, 'admin', '1258', 'Çorlu', '2f750ca6-74fb-40a5-a21d-7c1b612c82b6'),
                                                                                                ('c6b8dd3c-3ad7-4aed-a62e-f775b7634463', now(), true, 'admin', '1308', 'Erbaa', 'b70f3931-2dac-4356-9fc6-2c8fdb0ca9ee'),
                                                                                                ('c74eb9f6-f63b-40e8-ab5d-a1951d8b7329', now(), true, 'admin', '1975', 'Nurhak', 'cc706c0b-5e49-440d-88bb-fc21391b2d12'),
                                                                                                ('c7d45aa1-b2b0-4d2f-9c32-d4451bcb5a44', now(), true, 'admin', '1916', 'Dörtdivan', 'a7aec2a1-1368-48df-9f4e-43f8d6dd66a4'),
                                                                                                ('c80258e8-b379-4c3b-92fd-de292f391053', now(), true, 'admin', '1278', 'Dicle', 'a51345f3-5d54-4ddc-8539-35acd29b8c7f'),
                                                                                                ('c86ec6e4-c7af-44c3-8d52-c18ee427bd37', now(), true, 'admin', '1279', 'Digor', 'd05db18c-9180-4c98-84d5-5f0539c8bdc5'),
                                                                                                ('c9292fe7-8be2-4bdd-9799-3ac8c0043e1a', now(), true, 'admin', '2019', 'Altınova', '4d5386a5-a869-4e59-bc08-5a8ed391291c'),
                                                                                                ('c94c9a7d-ee47-4062-b8ab-d0cec0f79cce', now(), true, 'admin', '1371', 'Güney', '5c6914ab-7594-43e7-856c-09d6dd9db9f6'),
                                                                                                ('ca03f3b4-69d7-4c0c-ac4e-cab8f9830ae9', now(), true, 'admin', '1740', 'Zile', 'b70f3931-2dac-4356-9fc6-2c8fdb0ca9ee'),
                                                                                                ('cb2bb856-a99d-41a9-bc4f-0ec9ff1428da', now(), true, 'admin', '1566', 'Palu', '73100cdf-4383-4f40-80a8-801e2b8c17f6'),
                                                                                                ('cb5aee05-b530-41a9-90ab-431946ad39da', now(), true, 'admin', '1942', 'Hayrat', '3fdfe92e-f5ed-477b-876c-63b422f8ddbe'),
                                                                                                ('cb8e9a52-2e55-42cd-8a3a-a734e032a0a8', now(), true, 'admin', '1135', 'Anamur', '7cb95db1-d6ce-46c8-bb64-b4a2bde6ec94'),
                                                                                                ('cb96a373-8793-44b6-bb41-4556a787e9d4', now(), true, 'admin', '2013', 'Narlıdere', 'b7e8aeba-e1cd-4700-abb0-75aeb1bf0d4d'),
                                                                                                ('cbb84b3c-2e0c-4297-816e-a7c227fcc9b6', now(), true, 'admin', '1329', 'Feke', '15f5e6a3-6db0-418f-a7e7-85a6578816a6'),
                                                                                                ('cc15489c-940c-4d06-a32b-5e8287ce1cad', now(), true, 'admin', '1320', 'Espiye', 'f67e8a4e-95f7-4e6b-9c60-5413828ed905'),
                                                                                                ('cc3476e4-facb-402e-b540-d3732aa7795d', now(), true, 'admin', 'Name', 'Gölpazarı', '41f3806f-d604-4a0e-a7ba-626cb5ac5584'),
                                                                                                ('cc5fe0af-ad1e-4f34-bb73-9866c4b7fdf7', now(), true, 'admin', '1684', 'Torul', '1d10fbfa-a050-4a1e-969e-e05300e8935c'),
                                                                                                ('ccee811b-4fcd-42be-bce0-e04275bb8749', now(), true, 'admin', '1667', 'Taşlıçay', 'fb8652a5-023e-4f33-adb9-a7d044866fef'),
                                                                                                ('cd450e5e-194d-4928-825b-5aceab604f7e', now(), true, 'admin', '1821', 'Körfez', 'cd3a6d99-e343-45bf-94d9-d7306b56c702'),
                                                                                                ('cd7e0d4f-2c30-410e-80b8-b3e759b81769', now(), true, 'admin', '1266', 'Datça', 'cedcd207-df47-4e57-b1a9-bea2d80158f7'),
                                                                                                ('cd98d542-7a3f-4642-8ba3-da8ec2048861', now(), true, 'admin', '1286', 'Doğanşehir', '016a347b-e9d9-4be6-a207-40ff1dc98300'),
                                                                                                ('ce025f09-8cb6-42e9-b085-37a7c04dc659', now(), true, 'admin', '2092', 'Haliliye', '62cd7de3-8dbd-4c36-935b-5efe32ca5b02'),
                                                                                                ('ce4d1a0c-cf1d-4531-a448-d8d84d3db928', now(), true, 'admin', '1726', 'Yerköy', 'e11a9ec5-5e4d-40a3-9e4c-93d1b6a7bdb1'),
                                                                                                ('ce9ea9f6-3841-43b0-90c6-4fcbdfa75524', now(), true, 'admin', '1158', 'Aybastı', '2c26531b-f6b8-4bee-9902-6fa08fb9ae92'),
                                                                                                ('cebf4462-564d-4641-a392-a5b580e1c200', now(), true, 'admin', '1446', 'Karlıova', '55c00e8d-3b38-439b-ae7f-3f1992ecb596'),
                                                                                                ('cec93e9a-3c60-4f30-87a3-f6ed94bc6401', now(), true, 'admin', '1747', 'Sincan', '1cf6df63-55b6-4ad9-98be-5371641e8808'),
                                                                                                ('cef7ee21-0a14-4448-9625-5822cb12201b', now(), true, 'admin', '1267', 'Dazkırı', 'dc2897db-7d15-4cc8-9df8-865344f0072a'),
                                                                                                ('cf104656-50e6-4004-a2f6-b06f28a4c7ca', now(), true, 'admin', '1351', 'Geyve', '464be00b-842e-4967-b604-fce3f23240f8'),
                                                                                                ('cf250b26-32f6-4429-8157-99fda22129c4', now(), true, 'admin', '1811', 'Demre', 'ceb5916f-f5a3-4ec0-b118-7b12fb006167'),
                                                                                                ('cf418e9c-b3ba-4b2f-9810-d60c33eda0ad', now(), true, 'admin', '1885', 'Bayramören', '3ab6f8ce-f95a-416e-9aac-1b1c95b12a19'),
                                                                                                ('cf90a8c7-3d06-4eb8-8b7f-4237d5e37fe4', now(), true, 'admin', '1928', 'Gömeç', 'df6aa2f0-8fa7-4aaa-ac83-25af2d868a6f'),
                                                                                                ('cf9e35d2-a0a0-4c9d-8c68-875c8ccd2542', now(), true, 'admin', '1813', 'Karamanlı', '0cb557a8-68f1-4163-86a1-baaa42dc3b86'),
                                                                                                ('cfb55615-1eac-42c9-9190-792d86250a5a', now(), true, 'admin', '1249', 'Çermik', 'a51345f3-5d54-4ddc-8539-35acd29b8c7f'),
                                                                                                ('cfcdecfd-2cbe-4d4d-9ee1-baba3e22dbf3', now(), true, 'admin', '1687', 'Tufanbeyli', '15f5e6a3-6db0-418f-a7e7-85a6578816a6'),
                                                                                                ('d0a29913-1165-45f4-957c-673ee7102f2d', now(), true, 'admin', '1974', 'Nurdağı', '8660e01e-e703-4177-b85a-a596f689915d'),
                                                                                                ('d0a4cd97-7925-4a58-a040-dfa64777654c', now(), true, 'admin', '1174', 'Batman Merkez', '487a8650-a7d7-4eb9-8607-a86974dbf17a'),
                                                                                                ('d0afa2e5-e65b-4d72-af3d-ad66e177247b', now(), true, 'admin', '1338', 'Gebze', 'cd3a6d99-e343-45bf-94d9-d7306b56c702'),
                                                                                                ('d14294d9-91b3-4fbd-ad43-64c7b5417b55', now(), true, 'admin', '1898', 'Çavdarhisar', '275b46c3-4fdc-4536-a19e-9f8a78cdaac9'),
                                                                                                ('d1ee0b78-20e1-4623-9162-bf8dec4b8324', now(), true, 'admin', '1838', 'Salıpazarı', 'b1569112-749c-4811-9675-1a8c7e84c16e'),
                                                                                                ('d1fde9a0-fa28-4045-aa2e-dee7a21bb171', now(), true, 'admin', '1223', 'Cizre', 'a38b8e36-0d95-4594-9d88-3451a07c7b92'),
                                                                                                ('d27e577a-155b-402e-921a-1de32beb82b0', now(), true, 'admin', '1794', 'Gölyaka', '7b34906e-9163-426c-b8f4-77b51a3b5b5f'),
                                                                                                ('d2a47f6b-10f4-4509-bb6d-7de136bbadce', now(), true, 'admin', '1872', 'Akyurt', '1cf6df63-55b6-4ad9-98be-5371641e8808'),
                                                                                                ('d2fc856c-2ffa-443d-a507-a8c6b0443881', now(), true, 'admin', '1807', 'İncirliova', '194d1e63-67ce-463b-8495-9d24660740c7'),
                                                                                                ('d31c7de2-c505-451c-a9e4-61e077178348', now(), true, 'admin', '1713', 'Viranşehir', '62cd7de3-8dbd-4c36-935b-5efe32ca5b02'),
                                                                                                ('d341a965-4a54-44e4-8b1e-464fb2ad8f5c', now(), true, 'admin', '2004', 'Bağcılar', '34f4c2dd-8a3d-405a-96ef-e84b3ee2d9f9'),
                                                                                                ('d357ccda-3d12-4a92-b9ad-86b1128d15cf', now(), true, 'admin', '1900', 'Çaybaşı', '2c26531b-f6b8-4bee-9902-6fa08fb9ae92'),
                                                                                                ('d372fd42-9b8d-48ff-a27d-9dc05ba53574', now(), true, 'admin', '1704', 'Uşak Merkez', '79c97789-68ee-4067-a0fe-7802d307ef42'),
                                                                                                ('d3938c78-6455-4afb-8ac2-14d548665e8b', now(), true, 'admin', '1119', 'Akkuş', '2c26531b-f6b8-4bee-9902-6fa08fb9ae92'),
                                                                                                ('d39864a7-a11b-4361-80b1-b256e987bf0a', now(), true, 'admin', '1184', 'Beşiri', '487a8650-a7d7-4eb9-8607-a86974dbf17a'),
                                                                                                ('d3f9a17a-b971-4c0d-ba37-9f19a4bbf8be', now(), true, 'admin', '1546', 'Nizip', '8660e01e-e703-4177-b85a-a596f689915d'),
                                                                                                ('d42c71fe-d148-472e-851c-531987719381', now(), true, 'admin', '1421', 'Kadıköy', '34f4c2dd-8a3d-405a-96ef-e84b3ee2d9f9'),
                                                                                                ('d44a7a25-22fa-44d4-8bdf-06f23bc63636', now(), true, 'admin', '1965', 'Köprübaşı / Manisa', '7543d468-a218-433e-ba10-93c14d94bc64'),
                                                                                                ('d4b39a31-2829-4e66-80da-72901e77fe5d', now(), true, 'admin', '1689', 'Turgutlu', '7543d468-a218-433e-ba10-93c14d94bc64'),
                                                                                                ('d57f2d6c-29dc-49c7-a907-a805684c55a5', now(), true, 'admin', '1366', 'Gülnar', '7cb95db1-d6ce-46c8-bb64-b4a2bde6ec94'),
                                                                                                ('d5933107-00ce-47cc-9794-61932a417ca0', now(), true, 'admin', '1772', 'Battalgazi', '016a347b-e9d9-4be6-a207-40ff1dc98300'),
                                                                                                ('d5d78d3d-a8f5-4b16-82b2-8c7d5ed9f9f3', now(), true, 'admin', '1596', 'Saray / Tekirdağ', '2f750ca6-74fb-40a5-a21d-7c1b612c82b6'),
                                                                                                ('d5de214a-27c6-410a-8090-e9533006da59', now(), true, 'admin', '1542', 'Nazilli', '194d1e63-67ce-463b-8495-9d24660740c7'),
                                                                                                ('d5e132e3-7a6f-49a8-abc8-6a6153d7c672', now(), true, 'admin', '1197', 'Bodrum', 'cedcd207-df47-4e57-b1a9-bea2d80158f7'),
                                                                                                ('d5fbc9dc-36fa-41df-af00-d85fd478499e', now(), true, 'admin', '1140', 'Araç', 'b5b161bf-a578-4201-ad02-c3bafe581812'),
                                                                                                ('d61c7d82-f935-43f8-b9a5-c573882ad121', now(), true, 'admin', '1599', 'Sarıcakaya', 'e5a89741-4891-47db-a1db-f405ed5615c1'),
                                                                                                ('d6233841-6c24-4ba3-8d57-0a72d06ba63a', now(), true, 'admin', '2010', 'Güngören', '34f4c2dd-8a3d-405a-96ef-e84b3ee2d9f9'),
                                                                                                ('d6bd03b3-e723-4217-8d1a-e1b0d87c11c7', now(), true, 'admin', '1180', 'Bayramiç', 'a23e8955-cb52-439e-9e92-44ffd3a70cff'),
                                                                                                ('d6e39978-90ed-4021-bea6-b676a6cc17df', now(), true, 'admin', '1303', 'Elmalı', 'ceb5916f-f5a3-4ec0-b118-7b12fb006167'),
                                                                                                ('d76751a0-6ad5-4d86-8b75-3b53981b0278', now(), true, 'admin', '1853', 'Üzümlü', 'e7b54856-5ba3-46ac-a163-7f7dc4c89c1d'),
                                                                                                ('d866d214-fb54-41de-b476-7cf29d6f49a4', now(), true, 'admin', '1743', 'Düziçi', '2745821e-f1d7-492c-bba6-6238bdd1ea59'),
                                                                                                ('d87f15fa-8168-45fa-8553-dc1cc7d03e89', now(), true, 'admin', '1120', 'Aksaray Merkez', '69453446-9fb4-4f17-8b53-760a6ab1413b'),
                                                                                                ('d93d16ab-523f-4899-911c-2df3d70dc0e6', now(), true, 'admin', '1781', 'Buharkent', '194d1e63-67ce-463b-8495-9d24660740c7'),
                                                                                                ('d991820c-690e-4932-a32c-d96e6f8cfe1a', now(), true, 'admin', '1871', 'Pamukkale', '5c6914ab-7594-43e7-856c-09d6dd9db9f6'),
                                                                                                ('d9b222c1-af1e-4e42-8101-4f2a1c4b303d', now(), true, 'admin', '1434', 'Karacabey', '44036c7e-a870-4d21-832f-15833fb7d2d9'),
                                                                                                ('dab9391a-d39a-49aa-8808-db41766d42a0', now(), true, 'admin', '1569', 'Pazar / Rize', '18f869b9-9b88-42e2-989d-aa662a10dfbb'),
                                                                                                ('dae3abac-714f-46a0-805d-74e506d7060c', now(), true, 'admin', '1771', 'Başmakçı', 'dc2897db-7d15-4cc8-9df8-865344f0072a'),
                                                                                                ('db0098a1-d577-47b9-8924-880863770d15', now(), true, 'admin', '1621', 'Silifke', '7cb95db1-d6ce-46c8-bb64-b4a2bde6ec94'),
                                                                                                ('db194a55-caea-4fbc-953e-1d59637891e9', now(), true, 'admin', '1172', 'Bartın Merkez', '1d496757-ff1c-4a5f-8363-3675ebb39c37'),
                                                                                                ('dbcada11-fd02-4810-8fd1-e5ebf07ae531', now(), true, 'admin', '1315', 'Ergani', 'a51345f3-5d54-4ddc-8539-35acd29b8c7f'),
                                                                                                ('dbdff478-af43-4938-bdc8-69e1238798c8', now(), true, 'admin', '1177', 'Bayat / Çorum', '2847375f-0a57-4302-9ab9-78f6eb3892de'),
                                                                                                ('dc798fb7-ae7c-48b2-9b83-feed0177a991', now(), true, 'admin', '1458', 'Kelkit', '1d10fbfa-a050-4a1e-969e-e05300e8935c'),
                                                                                                ('dcf7ce05-f971-494e-b4dd-2c5d34ddb5c1', now(), true, 'admin', '1106', 'Adilcevaz', '796a5980-1f24-4747-9ddc-dff0fd8d4ab4'),
                                                                                                ('ddb58201-529f-4f19-a9e9-6a9cbcf14b98', now(), true, 'admin', '1381', 'Hani', 'a51345f3-5d54-4ddc-8539-35acd29b8c7f'),
                                                                                                ('ddf6870d-b530-4c73-8882-6a84667dd885', now(), true, 'admin', '1564', 'Ömerli', 'b2ec6d71-2ded-48c5-8b9e-a7560f4311fe'),
                                                                                                ('de700734-3a24-4481-be55-9db5995e61b4', now(), true, 'admin', '1970', 'Kumlu', '1dd83c7e-ab4f-4f40-a162-a78926b902a9'),
                                                                                                ('de737af8-29e0-4ce9-9661-07dc9e8710ee', now(), true, 'admin', '1551', 'Olur', 'e3ef4335-8701-49db-a6ff-f684b7a4ec5b'),
                                                                                                ('de768815-1efb-4374-a124-3f555a02a29b', now(), true, 'admin', '1669', 'Tatvan', '796a5980-1f24-4747-9ddc-dff0fd8d4ab4'),
                                                                                                ('df929afc-9b46-48bf-b44c-967d84c16e15', now(), true, 'admin', '1773', 'Bayat / Afyonkarahisar', 'dc2897db-7d15-4cc8-9df8-865344f0072a'),
                                                                                                ('dfa235ae-6cd8-4092-a5de-0c9e90c40c96', now(), true, 'admin', '1110', 'Ağın', '73100cdf-4383-4f40-80a8-801e2b8c17f6'),
                                                                                                ('e07ad0ca-c020-493f-b925-c08d46b678bc', now(), true, 'admin', '1915', 'Doğanyurt', 'b5b161bf-a578-4201-ad02-c3bafe581812'),
                                                                                                ('e07c6522-59e2-4b5b-a1d6-7a9471913826', now(), true, 'admin', '1835', 'Pendik', '34f4c2dd-8a3d-405a-96ef-e84b3ee2d9f9'),
                                                                                                ('e08dfc56-b779-4749-ae0d-860e498f7818', now(), true, 'admin', '1426', 'Kale / Denizli', '5c6914ab-7594-43e7-856c-09d6dd9db9f6'),
                                                                                                ('e1088016-35ec-413f-ab8c-6d6581c407ee', now(), true, 'admin', '1961', 'Kızılören', 'dc2897db-7d15-4cc8-9df8-865344f0072a'),
                                                                                                ('e14ba961-e4cb-494f-bf3a-cbc277519dbd', now(), true, 'admin', '1716', 'Yalova Merkez', '4d5386a5-a869-4e59-bc08-5a8ed391291c'),
                                                                                                ('e14bddea-5425-4c19-9310-699a514449db', now(), true, 'admin', '1690', 'Turhal', 'b70f3931-2dac-4356-9fc6-2c8fdb0ca9ee'),
                                                                                                ('e17fc143-a421-4e16-b14f-cc257336ec70', now(), true, 'admin', '1374', 'Hacıbektaş', '908bc03c-894c-49c0-b6d5-8d9baebddadb'),
                                                                                                ('e19182cd-1ffb-4acb-9b49-c0696f4a5ba1', now(), true, 'admin', '1260', 'Çubuk', '1cf6df63-55b6-4ad9-98be-5371641e8808'),
                                                                                                ('e1d425e4-10f9-4cec-9dea-1c870f31491a', now(), true, 'admin', '1369', 'Gümüşhane Merkez', '1d10fbfa-a050-4a1e-969e-e05300e8935c'),
                                                                                                ('e1e8e662-3e70-4fe5-b9ba-2dc321e8261f', now(), true, 'admin', '2050', 'Başakşehir', '34f4c2dd-8a3d-405a-96ef-e84b3ee2d9f9'),
                                                                                                ('e217f46e-e7d0-4819-bbfe-6c03f72d72c8', now(), true, 'admin', '1776', 'Beydağ', 'b7e8aeba-e1cd-4700-abb0-75aeb1bf0d4d'),
                                                                                                ('e2e38314-6f6b-424f-842b-41fcb9e41264', now(), true, 'admin', '1331', 'Fethiye', 'cedcd207-df47-4e57-b1a9-bea2d80158f7'),
                                                                                                ('e3671e73-e006-441b-a203-2a186d71b201', now(), true, 'admin', '1917', 'Düzköy', '3fdfe92e-f5ed-477b-876c-63b422f8ddbe'),
                                                                                                ('e370aaf7-1e01-4a46-ab16-5587f3a02530', now(), true, 'admin', '1182', 'Besni', '2f97c1fd-98a4-4bf7-a216-b153e942842d'),
                                                                                                ('e37e5355-4c3e-4bd5-9dd4-ccbf56a8655a', now(), true, 'admin', '1946', 'İbradı', 'ceb5916f-f5a3-4ec0-b118-7b12fb006167'),
                                                                                                ('e3a55e36-ec71-45ef-9463-c1cd05eed0d5', now(), true, 'admin', '1232', 'Çankırı Merkez', '3ab6f8ce-f95a-416e-9aac-1b1c95b12a19'),
                                                                                                ('e492788f-dca9-4d1a-ba7d-70c18dc22434', now(), true, 'admin', '1547', 'Nusaybin', 'b2ec6d71-2ded-48c5-8b9e-a7560f4311fe'),
                                                                                                ('e56b2429-a482-4a24-962b-8bbcc169c62d', now(), true, 'admin', '1393', 'Hilvan', '62cd7de3-8dbd-4c36-935b-5efe32ca5b02'),
                                                                                                ('e5a34e08-5670-4790-af61-d46212f8dd6c', now(), true, 'admin', '1833', 'Pamukova', '464be00b-842e-4967-b604-fce3f23240f8'),
                                                                                                ('e5a6a957-eee4-416c-a40a-310b2007a191', now(), true, 'admin', '1309', 'Erciş', 'f663ea33-1ed1-4dad-aece-91d208dd897e'),
                                                                                                ('e6295ed0-dee1-4842-b632-b791a830aa80', now(), true, 'admin', '1744', 'Gölbaşı / Ankara', '1cf6df63-55b6-4ad9-98be-5371641e8808'),
                                                                                                ('e68c16f7-0e77-49e6-af4d-ea337868e3ff', now(), true, 'admin', '1508', 'Mahmudiye', 'e5a89741-4891-47db-a1db-f405ed5615c1'),
                                                                                                ('e6f06f75-4f43-493e-adf9-49dcdc02bb3a', now(), true, 'admin', '1262', 'Çumra', '87d4ea1c-afc9-44e7-8b41-f38975b46d57'),
                                                                                                ('e72f9aa7-2b3e-4d11-a5fc-7e265e1de1d3', now(), true, 'admin', '2069', 'Arifiye', '464be00b-842e-4967-b604-fce3f23240f8'),
                                                                                                ('e78d411b-5132-4a7b-b664-841a7d7e3ce6', now(), true, 'admin', '1150', 'Arsin', '3fdfe92e-f5ed-477b-876c-63b422f8ddbe'),
                                                                                                ('e7fd1d50-59da-4f2b-b823-545c2f01e4e8', now(), true, 'admin', '1658', 'Şereflikoçhisar', '1cf6df63-55b6-4ad9-98be-5371641e8808'),
                                                                                                ('e80a056f-14e3-4faa-94f4-f7a09b7b177a', now(), true, 'admin', '1464', 'Keşan', '97ddd116-c15d-4021-a4c4-aacfa21287b7'),
                                                                                                ('e82e895e-b3d7-4b9a-856f-5d2bc80b86e8', now(), true, 'admin', '1562', 'Ovacık / Tunceli', '05e44c1d-1c5a-430b-be03-8463a401df25'),
                                                                                                ('e9b8a1c7-c40e-4c56-8658-889f24fd2062', now(), true, 'admin', '2076', 'Efeler', '194d1e63-67ce-463b-8495-9d24660740c7'),
                                                                                                ('e9e95c61-2b3a-45ff-9846-70750cbd18b1', now(), true, 'admin', '1518', 'Mazgirt', '05e44c1d-1c5a-430b-be03-8463a401df25'),
                                                                                                ('ea6495c1-676e-4915-86d2-2c4f784cbf28', now(), true, 'admin', '1270', 'Demirköy', '5bfc4bf2-a1ed-47f5-b091-7ab1491c1de3'),
                                                                                                ('ea6c022a-5e59-4489-abdb-8bcde1ee92d9', now(), true, 'admin', '1372', 'Gürpınar', 'f663ea33-1ed1-4dad-aece-91d208dd897e'),
                                                                                                ('eaa93270-9d33-4d1f-bbe6-0aa267f8b112', now(), true, 'admin', '1297', 'Eğirdir', '2ead4855-70a0-4a13-a9a0-d8340d1e47e1'),
                                                                                                ('eab998a4-df45-4d87-8c95-111fc937917a', now(), true, 'admin', '1874', 'Altınyayla / Burdur', '0cb557a8-68f1-4163-86a1-baaa42dc3b86'),
                                                                                                ('eac14aa0-b95a-4ea1-9e5e-0326c371d730', now(), true, 'admin', '1601', 'Sarıkamış', 'd05db18c-9180-4c98-84d5-5f0539c8bdc5'),
                                                                                                ('eac255d2-3ce0-43f1-b256-756ca9e6ec32', now(), true, 'admin', '1412', 'İpsala', '97ddd116-c15d-4021-a4c4-aacfa21287b7'),
                                                                                                ('eb0eb4f8-f3d1-4451-87a6-dc96462017b1', now(), true, 'admin', '2068', 'Adapazarı', '464be00b-842e-4967-b604-fce3f23240f8'),
                                                                                                ('eb16978e-e833-4f1e-9962-7d59d0d9a38e', now(), true, 'admin', '1822', 'Köse', '1d10fbfa-a050-4a1e-969e-e05300e8935c'),
                                                                                                ('eb2364ac-dc72-46f9-9adf-db3b9118da66', now(), true, 'admin', '1650', 'Şarkışla', '82f54b55-2807-423e-80fe-b78e2fc02e35'),
                                                                                                ('eb54aefa-1d45-4c4f-9b42-4773c9827b80', now(), true, 'admin', '1382', 'Hassa', '1dd83c7e-ab4f-4f40-a162-a78926b902a9'),
                                                                                                ('eb64bb08-2624-4fe8-976a-1160520e0753', now(), true, 'admin', '1287', 'Doğubayazıt', 'fb8652a5-023e-4f33-adb9-a7d044866fef'),
                                                                                                ('eb6db2a3-85e5-492e-8f8f-111224ec5009', now(), true, 'admin', '2047', 'Tepebaşı', 'e5a89741-4891-47db-a1db-f405ed5615c1'),
                                                                                                ('eb83a5d3-fa5f-4654-acbf-9a5e2b2fc615', now(), true, 'admin', '1480', 'Kofçaz', '5bfc4bf2-a1ed-47f5-b091-7ab1491c1de3'),
                                                                                                ('ebf149f0-aeaa-4b99-9bed-f5f2793cfc36', now(), true, 'admin', '1956', 'Karkamış', '8660e01e-e703-4177-b85a-a596f689915d'),
                                                                                                ('ec8472da-2b3e-40a7-b0b2-426554b5b0a1', now(), true, 'admin', '2005', 'Bahçelievler', '34f4c2dd-8a3d-405a-96ef-e84b3ee2d9f9'),
                                                                                                ('ecad6f62-b8da-47ab-980c-5ffd49671cc7', now(), true, 'admin', '1365', 'Güdül', '1cf6df63-55b6-4ad9-98be-5371641e8808'),
                                                                                                ('ed1ea0e7-94ee-4c83-b982-80156f7c2cf8', now(), true, 'admin', '1568', 'Patnos', 'fb8652a5-023e-4f33-adb9-a7d044866fef'),
                                                                                                ('ed8b4fc1-5ed3-4346-84b5-b02a7b4f9f0e', now(), true, 'admin', '1995', 'Yazıhan', '016a347b-e9d9-4be6-a207-40ff1dc98300'),
                                                                                                ('ede3e5ad-d70a-4dd6-b0b7-05df3a83779b', now(), true, 'admin', '1423', 'Kadirli', '2745821e-f1d7-492c-bba6-6238bdd1ea59'),
                                                                                                ('ee03cca4-56a3-4bad-beb6-07bec41157e3', now(), true, 'admin', '2025', 'Polateli', '27149f69-88b7-4337-8fe8-2997fe925901'),
                                                                                                ('ee4c7846-08e9-41b2-94d3-b9c5642c093e', now(), true, 'admin', '1968', 'Köşk', '194d1e63-67ce-463b-8495-9d24660740c7'),
                                                                                                ('ee51572c-2d93-4297-80dd-a04109ddcf87', now(), true, 'admin', '1981', 'Saraydüzü', '55666a29-30e4-431f-9fa1-a63a7b26c635'),
                                                                                                ('ee91d514-c41f-4e1d-97ec-192ca4c50e5c', now(), true, 'admin', '1759', 'Alpu', 'e5a89741-4891-47db-a1db-f405ed5615c1'),
                                                                                                ('eec9a7cd-861b-4060-ac02-b11b69600122', now(), true, 'admin', '2096', 'Süleymanpaşa', '2f750ca6-74fb-40a5-a21d-7c1b612c82b6'),
                                                                                                ('ef04bf5b-0e63-43fe-a6da-7c533daaf2ce', now(), true, 'admin', '1899', 'Çavdır', '0cb557a8-68f1-4163-86a1-baaa42dc3b86'),
                                                                                                ('ef4b9461-9856-4303-b2e0-6947f6e35275', now(), true, 'admin', '1282', 'Divriği', '82f54b55-2807-423e-80fe-b78e2fc02e35'),
                                                                                                ('ef77e587-df54-44e8-b6c6-acfa92870684', now(), true, 'admin', '1758', 'Alaplı', '520dbbcf-0e0b-4bbc-8910-13c5dc48f4b4'),
                                                                                                ('ef7a688c-b5c9-4d30-9e45-66ee2c3cef64', now(), true, 'admin', '1714', 'Vize', '5bfc4bf2-a1ed-47f5-b091-7ab1491c1de3'),
                                                                                                ('ef831095-730f-476d-b53a-37fefa103edb', now(), true, 'admin', '1912', 'Doğankent', 'f67e8a4e-95f7-4e6b-9c60-5413828ed905'),
                                                                                                ('ef8b307d-f451-4390-9052-ceb20a0e7713', now(), true, 'admin', '1936', 'Hacılar', '2b8c542c-ae0c-4f0b-b76c-9dc50e45e925'),
                                                                                                ('efc2751e-7775-4827-9dc0-29daadd3ad4b', now(), true, 'admin', '2094', 'Ergene', '2f750ca6-74fb-40a5-a21d-7c1b612c82b6'),
                                                                                                ('efe037b7-9501-41ab-889c-b83ba7e1a962', now(), true, 'admin', '1891', 'Çamaş', '2c26531b-f6b8-4bee-9902-6fa08fb9ae92'),
                                                                                                ('efee03fd-3d31-4f67-925c-04576464006b', now(), true, 'admin', '1880', 'Bahşili', 'b8864e0c-4536-4890-91aa-6ec0a5bd50c8'),
                                                                                                ('f0088d30-613e-47a6-b39b-97cacdaec6a9', now(), true, 'admin', '1388', 'Hayrabolu', '2f750ca6-74fb-40a5-a21d-7c1b612c82b6'),
                                                                                                ('f0539db1-6d8c-4320-abec-d00507a64a5d', now(), true, 'admin', '1255', 'Çifteler', 'e5a89741-4891-47db-a1db-f405ed5615c1'),
                                                                                                ('f089c2a2-a585-4544-8b13-1909384db19b', now(), true, 'admin', '1844', 'Şehitkamil', '8660e01e-e703-4177-b85a-a596f689915d'),
                                                                                                ('f08ee7e8-ce83-44f0-aeea-25dec34aa463', now(), true, 'admin', '1144', 'Ardahan Merkez', 'af147737-b09b-450a-8cd7-daaf96bc3734'),
                                                                                                ('f10d274e-e795-4a95-8f06-6712571a6d75', now(), true, 'admin', '1862', 'Kazımkarabekir', '437f82b2-1449-4010-a56b-a85d1980044e'),
                                                                                                ('f184a6be-b1ad-4ae7-b690-a5dda7c0c9f6', now(), true, 'admin', '1178', 'Bayındır', 'b7e8aeba-e1cd-4700-abb0-75aeb1bf0d4d'),
                                                                                                ('f1a95fd0-4f09-4e4a-8825-3f183f5e5d9c', now(), true, 'admin', '1617', 'Seydişehir', '87d4ea1c-afc9-44e7-8b41-f38975b46d57'),
                                                                                                ('f1ea819e-0710-4acc-b2c3-e05850fa2028', now(), true, 'admin', '1764', 'Aslanapa', '275b46c3-4fdc-4536-a19e-9f8a78cdaac9'),
                                                                                                ('f2508c83-f1ad-487b-8398-7af22e3ab977', now(), true, 'admin', '1378', 'Halfeti', '62cd7de3-8dbd-4c36-935b-5efe32ca5b02'),
                                                                                                ('f27d1668-68f7-4664-92dc-e4d0bb8dfdf7', now(), true, 'admin', '1902', 'Çeltik', '87d4ea1c-afc9-44e7-8b41-f38975b46d57'),
                                                                                                ('f2ac511a-18fd-4085-b9d1-dc69c59c1f7b', now(), true, 'admin', '1780', 'Buca', 'b7e8aeba-e1cd-4700-abb0-75aeb1bf0d4d'),
                                                                                                ('f2d322f5-5ecf-4d97-9c88-4d5857d70733', now(), true, 'admin', '1595', 'Sapanca', '464be00b-842e-4967-b604-fce3f23240f8'),
                                                                                                ('f2e28a37-40be-4310-9fa4-a1df73264c24', now(), true, 'admin', '1519', 'Mazıdağı', 'b2ec6d71-2ded-48c5-8b9e-a7560f4311fe'),
                                                                                                ('f389e325-999a-40dc-b080-78e56e62ab4e', now(), true, 'admin', '1153', 'Aşkale', 'e3ef4335-8701-49db-a6ff-f684b7a4ec5b'),
                                                                                                ('f4020a52-6309-4a58-bc46-0226f2c852f2', now(), true, 'admin', '1675', 'Tercan', 'e7b54856-5ba3-46ac-a163-7f7dc4c89c1d'),
                                                                                                ('f40ffe30-c5ef-4af7-b917-e9664965a39b', now(), true, 'admin', '1836', 'Pınarbaşı / Kastamonu', 'b5b161bf-a578-4201-ad02-c3bafe581812'),
                                                                                                ('f42339c5-be4b-4c63-8a9c-5bcb1c6d9803', now(), true, 'admin', '1141', 'Araklı', '3fdfe92e-f5ed-477b-876c-63b422f8ddbe'),
                                                                                                ('f4263f34-bb78-46de-961a-2dede10f36e5', now(), true, 'admin', '1637', 'Söke', '194d1e63-67ce-463b-8495-9d24660740c7'),
                                                                                                ('f45456ed-f4d5-4fed-8fd7-339abcba2f46', now(), true, 'admin', '1461', 'Kemalpaşa', 'b7e8aeba-e1cd-4700-abb0-75aeb1bf0d4d'),
                                                                                                ('f4822792-fb07-45e9-818e-43aca00c0d36', now(), true, 'admin', '1521', 'Menemen', 'b7e8aeba-e1cd-4700-abb0-75aeb1bf0d4d'),
                                                                                                ('f4cf2d99-db05-4a13-b40e-13d1096a9786', now(), true, 'admin', '1190', 'Biga', 'a23e8955-cb52-439e-9e92-44ffd3a70cff'),
                                                                                                ('f4d0b4bf-ee17-4f5c-81da-d7134ef7b8bf', now(), true, 'admin', '1491', 'Kulu', '87d4ea1c-afc9-44e7-8b41-f38975b46d57'),
                                                                                                ('f543d0c6-9e36-496f-9517-039c3d7e59b1', now(), true, 'admin', '1634', 'Soma', '7543d468-a218-433e-ba10-93c14d94bc64'),
                                                                                                ('f58b1d41-4825-49bc-98a1-f31061d5a594', now(), true, 'admin', '2066', 'Toroslar', '7cb95db1-d6ce-46c8-bb64-b4a2bde6ec94'),
                                                                                                ('f6064f64-0faa-4caf-bcb4-3bb4c5ba7a43', now(), true, 'admin', '1697', 'Ulubey / Uşak', '79c97789-68ee-4067-a0fe-7802d307ef42'),
                                                                                                ('f63ee10b-d8df-4bb0-be99-582d0f5cc09f', now(), true, 'admin', '1896', 'Çarşıbaşı', '3fdfe92e-f5ed-477b-876c-63b422f8ddbe'),
                                                                                                ('f6551276-795a-48e6-a4c6-6f4b12976f69', now(), true, 'admin', '1832', 'Osmangazi', '44036c7e-a870-4d21-832f-15833fb7d2d9'),
                                                                                                ('f7182155-2eec-496e-898b-92a2cd64c426', now(), true, 'admin', '1324', 'Eynesil', 'f67e8a4e-95f7-4e6b-9c60-5413828ed905'),
                                                                                                ('f75487fa-cb28-4ddc-9aee-b1f2cc9038f0', now(), true, 'admin', '1875', 'Altınyayla / Sivas', '82f54b55-2807-423e-80fe-b78e2fc02e35'),
                                                                                                ('f7abce67-42fb-4c47-8db6-40844dcbe9ee', now(), true, 'admin', '1971', 'Kürtün', '1d10fbfa-a050-4a1e-969e-e05300e8935c'),
                                                                                                ('f7fbb69e-8f6d-420d-a2cc-1312c2ae8f77', now(), true, 'admin', '1415', 'İslahiye', '8660e01e-e703-4177-b85a-a596f689915d'),
                                                                                                ('f85376d8-b7e9-4e50-8d84-ecb6869d1630', now(), true, 'admin', '1633', 'Solhan', '55c00e8d-3b38-439b-ae7f-3f1992ecb596'),
                                                                                                ('f8c0f473-b453-4fba-aa6c-d99c3fdfee57', now(), true, 'admin', '1299', 'Elbistan', 'cc706c0b-5e49-440d-88bb-fc21391b2d12'),
                                                                                                ('f8fe4df2-8e4c-4896-800e-450b6ba68989', now(), true, 'admin', '1695', 'Ula', 'cedcd207-df47-4e57-b1a9-bea2d80158f7'),
                                                                                                ('f935c823-f363-48b8-acde-160e5e2040cd', now(), true, 'admin', '1222', 'Cihanbeyli', '87d4ea1c-afc9-44e7-8b41-f38975b46d57'),
                                                                                                ('f943e41e-013c-41b4-bb2f-c92f4046fec0', now(), true, 'admin', '1136', 'Andırın', 'cc706c0b-5e49-440d-88bb-fc21391b2d12'),
                                                                                                ('f995c12f-b47e-4fa1-9989-151b65c31c7b', now(), true, 'admin', '1996', 'Yedisu', '55c00e8d-3b38-439b-ae7f-3f1992ecb596'),
                                                                                                ('fa1ff4a5-fc84-42d8-a02d-05d3dc47e47b', now(), true, 'admin', '1450', 'Kastamonu Merkez', 'b5b161bf-a578-4201-ad02-c3bafe581812'),
                                                                                                ('fa3d56ad-07fd-452d-9ec6-4b564173fdf7', now(), true, 'admin', '2003', 'Avcılar', '34f4c2dd-8a3d-405a-96ef-e84b3ee2d9f9'),
                                                                                                ('fa5d9449-6402-49ea-8ec2-9c1462ecd54d', now(), true, 'admin', '1672', 'Tefenni', '0cb557a8-68f1-4163-86a1-baaa42dc3b86'),
                                                                                                ('fae41298-17ad-4f83-81ab-e20bafc4d04d', now(), true, 'admin', '1337', 'Gazipaşa', 'ceb5916f-f5a3-4ec0-b118-7b12fb006167'),
                                                                                                ('faf88bfc-90b9-416e-b691-df8f21901ef4', now(), true, 'admin', '1507', 'Maçka', '3fdfe92e-f5ed-477b-876c-63b422f8ddbe'),
                                                                                                ('fb6b831c-60b9-4ab1-801a-99f73fad8e3b', now(), true, 'admin', '1619', 'Sındırgı', 'df6aa2f0-8fa7-4aaa-ac83-25af2d868a6f'),
                                                                                                ('fba58f1c-b944-4136-a654-d0a72f08e9df', now(), true, 'admin', '2020', 'Armutlu', '4d5386a5-a869-4e59-bc08-5a8ed391291c'),
                                                                                                ('fbbcb232-6ef6-43a5-8692-ab0dae1b3a5d', now(), true, 'admin', '1524', 'Merzifon', 'f155078e-9342-4faa-a06d-aaa4ea8fdf1d'),
                                                                                                ('fbffa823-04fe-44ec-be56-d759ed162d3e', now(), true, 'admin', '1173', 'Baskil', '73100cdf-4383-4f40-80a8-801e2b8c17f6'),
                                                                                                ('fc09a11f-e381-44f5-b9c2-5fa0afc0e185', now(), true, 'admin', '1364', 'Göynük', 'a7aec2a1-1368-48df-9f4e-43f8d6dd66a4'),
                                                                                                ('fc73a6ab-de3f-4648-a2af-95df06bb38a7', now(), true, 'admin', '1429', 'Kaman', 'd0aa24e9-aed7-48bc-89ef-c8189f2a8199'),
                                                                                                ('fcbc10be-bd61-4952-a033-afe00e65088d', now(), true, 'admin', '1931', 'Güçlükonak', 'a38b8e36-0d95-4594-9d88-3451a07c7b92'),
                                                                                                ('fce3381e-bfcf-4af8-a2d1-68a17d35196b', now(), true, 'admin', '1647', 'Sürmene', '3fdfe92e-f5ed-477b-876c-63b422f8ddbe'),
                                                                                                ('fcff8c96-7009-4751-8ee0-f0225e45bcce', now(), true, 'admin', '1610', 'Seben', 'a7aec2a1-1368-48df-9f4e-43f8d6dd66a4'),
                                                                                                ('fd70f37d-b884-4379-9030-e4948b67668e', now(), true, 'admin', '1827', 'Meram', '87d4ea1c-afc9-44e7-8b41-f38975b46d57'),
                                                                                                ('fd795361-c094-4a25-b922-0c67621a986b', now(), true, 'admin', '1105', 'Adıyaman Merkez', '2f97c1fd-98a4-4bf7-a216-b153e942842d'),
                                                                                                ('fde1c8e4-b5b4-490c-bb45-1dc74d66068e', now(), true, 'admin', '1101', 'Abana', 'b5b161bf-a578-4201-ad02-c3bafe581812'),
                                                                                                ('fe2702f3-aa9b-4477-8294-74bc90237d23', now(), true, 'admin', '1316', 'Ermenek', '437f82b2-1449-4010-a56b-a85d1980044e'),
                                                                                                ('fe5a0dc2-de39-48c7-8933-fb6f6cf5563e', now(), true, 'admin', '1761', 'Amasra', '1d496757-ff1c-4a5f-8363-3675ebb39c37'),
                                                                                                ('fefb62b9-0c88-43b6-8933-67b44151df13', now(), true, 'admin', '1625', 'Simav', '275b46c3-4fdc-4536-a19e-9f8a78cdaac9'),
                                                                                                ('ff2dd27c-2c3a-4d44-981e-8d4f0589fcee', now(), true, 'admin', '1367', 'Gülşehir', '908bc03c-894c-49c0-b6d5-8d9baebddadb'),
                                                                                                ('ff364a20-332f-42ae-b611-31465a020213', now(), true, 'admin', '1298', 'Elazığ Merkez', '73100cdf-4383-4f40-80a8-801e2b8c17f6'),
                                                                                                ('ff649d63-556f-47e8-866b-a8b3d4cd8f13', now(), true, 'admin', '1910', 'Dikmen', '55666a29-30e4-431f-9fa1-a63a7b26c635'),
                                                                                                ('ffea90a2-4082-476b-93a8-982d14b6afea', now(), true, 'admin', '1694', 'Türkoğlu', 'cc706c0b-5e49-440d-88bb-fc21391b2d12');

